,image,labelname,labelnumber,pct,filename
0,cards\Rorschach_blot_01.jpg,wall_clock,0,22.12,densenet121
1,cards\Rorschach_blot_01.jpg,coral_fungus,1,15.3,densenet121
2,cards\Rorschach_blot_01.jpg,parachute,2,6.23,densenet121
3,cards\Rorschach_blot_01.jpg,hen-of-the-woods,3,5.06,densenet121
4,cards\Rorschach_blot_01.jpg,missile,4,4.66,densenet121
5,cards\Rorschach_blot_01.jpg,earthstar,5,4.0,densenet121
6,cards\Rorschach_blot_01.jpg,book_jacket,6,3.23,densenet121
7,cards\Rorschach_blot_01.jpg,airship,7,2.25,densenet121
8,cards\Rorschach_blot_01.jpg,shield,8,2.13,densenet121
9,cards\Rorschach_blot_01.jpg,fire_screen,9,2.09,densenet121
10,cards\Rorschach_blot_02.jpg,hair_slide,0,17.84,densenet121
11,cards\Rorschach_blot_02.jpg,handkerchief,1,10.83,densenet121
12,cards\Rorschach_blot_02.jpg,parachute,2,4.21,densenet121
13,cards\Rorschach_blot_02.jpg,admiral,3,3.83,densenet121
14,cards\Rorschach_blot_02.jpg,stole,4,3.54,densenet121
15,cards\Rorschach_blot_02.jpg,volcano,5,3.39,densenet121
16,cards\Rorschach_blot_02.jpg,hen-of-the-woods,6,3.07,densenet121
17,cards\Rorschach_blot_02.jpg,brassiere,7,2.95,densenet121
18,cards\Rorschach_blot_02.jpg,sea_slug,8,2.81,densenet121
19,cards\Rorschach_blot_02.jpg,hummingbird,9,2.59,densenet121
20,cards\Rorschach_blot_03.jpg,book_jacket,0,80.29,densenet121
21,cards\Rorschach_blot_03.jpg,comic_book,1,6.02,densenet121
22,cards\Rorschach_blot_03.jpg,parachute,2,2.94,densenet121
23,cards\Rorschach_blot_03.jpg,brassiere,3,1.16,densenet121
24,cards\Rorschach_blot_03.jpg,tick,4,0.7,densenet121
25,cards\Rorschach_blot_03.jpg,scorpion,5,0.65,densenet121
26,cards\Rorschach_blot_03.jpg,envelope,6,0.57,densenet121
27,cards\Rorschach_blot_03.jpg,hip,7,0.48,densenet121
28,cards\Rorschach_blot_03.jpg,matchstick,8,0.37,densenet121
29,cards\Rorschach_blot_03.jpg,wall_clock,9,0.32,densenet121
30,cards\Rorschach_blot_04.jpg,volcano,0,42.26,densenet121
31,cards\Rorschach_blot_04.jpg,space_shuttle,1,17.05,densenet121
32,cards\Rorschach_blot_04.jpg,missile,2,4.53,densenet121
33,cards\Rorschach_blot_04.jpg,steam_locomotive,3,4.43,densenet121
34,cards\Rorschach_blot_04.jpg,jellyfish,4,2.63,densenet121
35,cards\Rorschach_blot_04.jpg,coral_fungus,5,2.6,densenet121
36,cards\Rorschach_blot_04.jpg,hermit_crab,6,2.22,densenet121
37,cards\Rorschach_blot_04.jpg,cauliflower,7,2.14,densenet121
38,cards\Rorschach_blot_04.jpg,isopod,8,1.68,densenet121
39,cards\Rorschach_blot_04.jpg,tick,9,1.58,densenet121
40,cards\Rorschach_blot_05.jpg,tick,0,30.05,densenet121
41,cards\Rorschach_blot_05.jpg,ant,1,7.22,densenet121
42,cards\Rorschach_blot_05.jpg,warplane,2,5.83,densenet121
43,cards\Rorschach_blot_05.jpg,isopod,3,5.57,densenet121
44,cards\Rorschach_blot_05.jpg,hip,4,5.3,densenet121
45,cards\Rorschach_blot_05.jpg,scorpion,5,4.44,densenet121
46,cards\Rorschach_blot_05.jpg,banded_gecko,6,3.07,densenet121
47,cards\Rorschach_blot_05.jpg,hair_slide,7,2.41,densenet121
48,cards\Rorschach_blot_05.jpg,barn_spider,8,2.12,densenet121
49,cards\Rorschach_blot_05.jpg,pomegranate,9,1.96,densenet121
50,cards\Rorschach_blot_06.jpg,conch,0,56.98,densenet121
51,cards\Rorschach_blot_06.jpg,space_shuttle,1,16.45,densenet121
52,cards\Rorschach_blot_06.jpg,sea_cucumber,2,2.45,densenet121
53,cards\Rorschach_blot_06.jpg,missile,3,2.36,densenet121
54,cards\Rorschach_blot_06.jpg,vase,4,1.82,densenet121
55,cards\Rorschach_blot_06.jpg,panpipe,5,1.46,densenet121
56,cards\Rorschach_blot_06.jpg,warplane,6,1.35,densenet121
57,cards\Rorschach_blot_06.jpg,pencil_sharpener,7,1.24,densenet121
58,cards\Rorschach_blot_06.jpg,isopod,8,1.1,densenet121
59,cards\Rorschach_blot_06.jpg,coral_fungus,9,1.08,densenet121
60,cards\Rorschach_blot_07.jpg,missile,0,35.44,densenet121
61,cards\Rorschach_blot_07.jpg,projectile,1,32.01,densenet121
62,cards\Rorschach_blot_07.jpg,parachute,2,9.03,densenet121
63,cards\Rorschach_blot_07.jpg,steam_locomotive,3,5.44,densenet121
64,cards\Rorschach_blot_07.jpg,space_shuttle,4,4.95,densenet121
65,cards\Rorschach_blot_07.jpg,volcano,5,3.51,densenet121
66,cards\Rorschach_blot_07.jpg,geyser,6,1.76,densenet121
67,cards\Rorschach_blot_07.jpg,cauliflower,7,1.04,densenet121
68,cards\Rorschach_blot_07.jpg,necklace,8,0.84,densenet121
69,cards\Rorschach_blot_07.jpg,jellyfish,9,0.58,densenet121
70,cards\Rorschach_blot_08.jpg,coral_fungus,0,12.05,densenet121
71,cards\Rorschach_blot_08.jpg,candle,1,9.89,densenet121
72,cards\Rorschach_blot_08.jpg,conch,2,7.85,densenet121
73,cards\Rorschach_blot_08.jpg,parachute,3,7.06,densenet121
74,cards\Rorschach_blot_08.jpg,vase,4,6.6,densenet121
75,cards\Rorschach_blot_08.jpg,hip,5,6.06,densenet121
76,cards\Rorschach_blot_08.jpg,pencil_sharpener,6,4.02,densenet121
77,cards\Rorschach_blot_08.jpg,artichoke,7,2.46,densenet121
78,cards\Rorschach_blot_08.jpg,leaf_beetle,8,2.39,densenet121
79,cards\Rorschach_blot_08.jpg,fountain,9,2.36,densenet121
80,cards\Rorschach_blot_09.jpg,missile,0,29.87,densenet121
81,cards\Rorschach_blot_09.jpg,conch,1,15.7,densenet121
82,cards\Rorschach_blot_09.jpg,space_shuttle,2,9.1,densenet121
83,cards\Rorschach_blot_09.jpg,aircraft_carrier,3,5.28,densenet121
84,cards\Rorschach_blot_09.jpg,trifle,4,4.43,densenet121
85,cards\Rorschach_blot_09.jpg,projectile,5,4.13,densenet121
86,cards\Rorschach_blot_09.jpg,parachute,6,3.69,densenet121
87,cards\Rorschach_blot_09.jpg,wreck,7,3.24,densenet121
88,cards\Rorschach_blot_09.jpg,warplane,8,3.07,densenet121
89,cards\Rorschach_blot_09.jpg,ice_cream,9,2.58,densenet121
90,cards\Rorschach_blot_10.jpg,rapeseed,0,15.95,densenet121
91,cards\Rorschach_blot_10.jpg,plate,1,12.77,densenet121
92,cards\Rorschach_blot_10.jpg,wine_bottle,2,10.91,densenet121
93,cards\Rorschach_blot_10.jpg,missile,3,8.4,densenet121
94,cards\Rorschach_blot_10.jpg,vase,4,5.24,densenet121
95,cards\Rorschach_blot_10.jpg,spaghetti_squash,5,3.57,densenet121
96,cards\Rorschach_blot_10.jpg,feather_boa,6,2.51,densenet121
97,cards\Rorschach_blot_10.jpg,projectile,7,2.37,densenet121
98,cards\Rorschach_blot_10.jpg,hip,8,1.9,densenet121
99,cards\Rorschach_blot_10.jpg,tray,9,1.42,densenet121
0,cards\Rorschach_blot_01.jpg,buckeye,0,28.95,densenet169
1,cards\Rorschach_blot_01.jpg,pot,1,11.2,densenet169
2,cards\Rorschach_blot_01.jpg,coral_fungus,2,7.28,densenet169
3,cards\Rorschach_blot_01.jpg,acorn,3,6.8,densenet169
4,cards\Rorschach_blot_01.jpg,wall_clock,4,6.61,densenet169
5,cards\Rorschach_blot_01.jpg,paper_towel,5,4.33,densenet169
6,cards\Rorschach_blot_01.jpg,conch,6,4.26,densenet169
7,cards\Rorschach_blot_01.jpg,vase,7,3.79,densenet169
8,cards\Rorschach_blot_01.jpg,space_shuttle,8,2.33,densenet169
9,cards\Rorschach_blot_01.jpg,missile,9,2.3,densenet169
10,cards\Rorschach_blot_02.jpg,velvet,0,43.84,densenet169
11,cards\Rorschach_blot_02.jpg,candle,1,9.11,densenet169
12,cards\Rorschach_blot_02.jpg,hair_slide,2,4.14,densenet169
13,cards\Rorschach_blot_02.jpg,brassiere,3,4.07,densenet169
14,cards\Rorschach_blot_02.jpg,fur_coat,4,2.89,densenet169
15,cards\Rorschach_blot_02.jpg,macaw,5,2.54,densenet169
16,cards\Rorschach_blot_02.jpg,wool,6,2.43,densenet169
17,cards\Rorschach_blot_02.jpg,parachute,7,2.09,densenet169
18,cards\Rorschach_blot_02.jpg,wall_clock,8,1.51,densenet169
19,cards\Rorschach_blot_02.jpg,handkerchief,9,1.43,densenet169
20,cards\Rorschach_blot_03.jpg,book_jacket,0,20.11,densenet169
21,cards\Rorschach_blot_03.jpg,African_grey,1,18.89,densenet169
22,cards\Rorschach_blot_03.jpg,Great_Dane,2,4.97,densenet169
23,cards\Rorschach_blot_03.jpg,candle,3,4.76,densenet169
24,cards\Rorschach_blot_03.jpg,tray,4,4.35,densenet169
25,cards\Rorschach_blot_03.jpg,red_wine,5,3.68,densenet169
26,cards\Rorschach_blot_03.jpg,handkerchief,6,2.8,densenet169
27,cards\Rorschach_blot_03.jpg,ruddy_turnstone,7,2.54,densenet169
28,cards\Rorschach_blot_03.jpg,hummingbird,8,2.53,densenet169
29,cards\Rorschach_blot_03.jpg,comic_book,9,2.47,densenet169
30,cards\Rorschach_blot_04.jpg,space_shuttle,0,32.72,densenet169
31,cards\Rorschach_blot_04.jpg,volcano,1,13.41,densenet169
32,cards\Rorschach_blot_04.jpg,coral_fungus,2,8.72,densenet169
33,cards\Rorschach_blot_04.jpg,rock_crab,3,7.41,densenet169
34,cards\Rorschach_blot_04.jpg,king_crab,4,3.98,densenet169
35,cards\Rorschach_blot_04.jpg,hermit_crab,5,2.96,densenet169
36,cards\Rorschach_blot_04.jpg,warplane,6,2.95,densenet169
37,cards\Rorschach_blot_04.jpg,parachute,7,2.58,densenet169
38,cards\Rorschach_blot_04.jpg,candle,8,2.52,densenet169
39,cards\Rorschach_blot_04.jpg,scorpion,9,2.47,densenet169
40,cards\Rorschach_blot_05.jpg,hip,0,26.32,densenet169
41,cards\Rorschach_blot_05.jpg,wall_clock,1,10.97,densenet169
42,cards\Rorschach_blot_05.jpg,warplane,2,7.14,densenet169
43,cards\Rorschach_blot_05.jpg,isopod,3,6.51,densenet169
44,cards\Rorschach_blot_05.jpg,volcano,4,4.43,densenet169
45,cards\Rorschach_blot_05.jpg,tick,5,4.22,densenet169
46,cards\Rorschach_blot_05.jpg,missile,6,3.87,densenet169
47,cards\Rorschach_blot_05.jpg,space_shuttle,7,3.81,densenet169
48,cards\Rorschach_blot_05.jpg,airship,8,3.27,densenet169
49,cards\Rorschach_blot_05.jpg,American_alligator,9,1.96,densenet169
50,cards\Rorschach_blot_06.jpg,space_shuttle,0,54.31,densenet169
51,cards\Rorschach_blot_06.jpg,missile,1,28.02,densenet169
52,cards\Rorschach_blot_06.jpg,projectile,2,8.04,densenet169
53,cards\Rorschach_blot_06.jpg,warplane,3,7.44,densenet169
54,cards\Rorschach_blot_06.jpg,wall_clock,4,0.74,densenet169
55,cards\Rorschach_blot_06.jpg,aircraft_carrier,5,0.4,densenet169
56,cards\Rorschach_blot_06.jpg,airship,6,0.32,densenet169
57,cards\Rorschach_blot_06.jpg,tiger_shark,7,0.21,densenet169
58,cards\Rorschach_blot_06.jpg,wing,8,0.11,densenet169
59,cards\Rorschach_blot_06.jpg,airliner,9,0.09,densenet169
60,cards\Rorschach_blot_07.jpg,missile,0,87.45,densenet169
61,cards\Rorschach_blot_07.jpg,projectile,1,10.88,densenet169
62,cards\Rorschach_blot_07.jpg,necklace,2,0.82,densenet169
63,cards\Rorschach_blot_07.jpg,space_shuttle,3,0.69,densenet169
64,cards\Rorschach_blot_07.jpg,volcano,4,0.06,densenet169
65,cards\Rorschach_blot_07.jpg,warplane,5,0.03,densenet169
66,cards\Rorschach_blot_07.jpg,steam_locomotive,6,0.02,densenet169
67,cards\Rorschach_blot_07.jpg,cannon,7,0.02,densenet169
68,cards\Rorschach_blot_07.jpg,airship,8,0.01,densenet169
69,cards\Rorschach_blot_07.jpg,parachute,9,0.01,densenet169
70,cards\Rorschach_blot_08.jpg,pencil_sharpener,0,31.56,densenet169
71,cards\Rorschach_blot_08.jpg,volcano,1,20.28,densenet169
72,cards\Rorschach_blot_08.jpg,hip,2,10.41,densenet169
73,cards\Rorschach_blot_08.jpg,parachute,3,3.82,densenet169
74,cards\Rorschach_blot_08.jpg,paintbrush,4,3.55,densenet169
75,cards\Rorschach_blot_08.jpg,lipstick,5,2.05,densenet169
76,cards\Rorschach_blot_08.jpg,admiral,6,1.9,densenet169
77,cards\Rorschach_blot_08.jpg,alp,7,1.63,densenet169
78,cards\Rorschach_blot_08.jpg,pomegranate,8,1.55,densenet169
79,cards\Rorschach_blot_08.jpg,mosquito_net,9,1.27,densenet169
80,cards\Rorschach_blot_09.jpg,missile,0,32.27,densenet169
81,cards\Rorschach_blot_09.jpg,jellyfish,1,13.29,densenet169
82,cards\Rorschach_blot_09.jpg,volcano,2,11.91,densenet169
83,cards\Rorschach_blot_09.jpg,vase,3,8.76,densenet169
84,cards\Rorschach_blot_09.jpg,projectile,4,3.36,densenet169
85,cards\Rorschach_blot_09.jpg,pencil_sharpener,5,3.2,densenet169
86,cards\Rorschach_blot_09.jpg,fountain,6,3.03,densenet169
87,cards\Rorschach_blot_09.jpg,spoonbill,7,2.8,densenet169
88,cards\Rorschach_blot_09.jpg,warplane,8,2.33,densenet169
89,cards\Rorschach_blot_09.jpg,conch,9,1.81,densenet169
90,cards\Rorschach_blot_10.jpg,feather_boa,0,60.34,densenet169
91,cards\Rorschach_blot_10.jpg,missile,1,14.64,densenet169
92,cards\Rorschach_blot_10.jpg,candle,2,5.4,densenet169
93,cards\Rorschach_blot_10.jpg,projectile,3,3.41,densenet169
94,cards\Rorschach_blot_10.jpg,vase,4,1.58,densenet169
95,cards\Rorschach_blot_10.jpg,parachute,5,1.43,densenet169
96,cards\Rorschach_blot_10.jpg,warplane,6,1.42,densenet169
97,cards\Rorschach_blot_10.jpg,space_shuttle,7,1.21,densenet169
98,cards\Rorschach_blot_10.jpg,trifle,8,0.87,densenet169
99,cards\Rorschach_blot_10.jpg,handkerchief,9,0.67,densenet169
0,cards\Rorschach_blot_01.jpg,warplane,0,18.56,densenet201
1,cards\Rorschach_blot_01.jpg,airship,1,18.45,densenet201
2,cards\Rorschach_blot_01.jpg,coral_fungus,2,6.56,densenet201
3,cards\Rorschach_blot_01.jpg,cuirass,3,5.4,densenet201
4,cards\Rorschach_blot_01.jpg,hummingbird,4,5.14,densenet201
5,cards\Rorschach_blot_01.jpg,fire_screen,5,4.96,densenet201
6,cards\Rorschach_blot_01.jpg,vase,6,4.07,densenet201
7,cards\Rorschach_blot_01.jpg,breastplate,7,3.52,densenet201
8,cards\Rorschach_blot_01.jpg,fountain,8,3.23,densenet201
9,cards\Rorschach_blot_01.jpg,house_finch,9,2.93,densenet201
10,cards\Rorschach_blot_02.jpg,candle,0,21.84,densenet201
11,cards\Rorschach_blot_02.jpg,hair_slide,1,10.81,densenet201
12,cards\Rorschach_blot_02.jpg,necklace,2,6.8,densenet201
13,cards\Rorschach_blot_02.jpg,volcano,3,6.57,densenet201
14,cards\Rorschach_blot_02.jpg,parachute,4,5.82,densenet201
15,cards\Rorschach_blot_02.jpg,space_shuttle,5,5.16,densenet201
16,cards\Rorschach_blot_02.jpg,chime,6,3.78,densenet201
17,cards\Rorschach_blot_02.jpg,red_wine,7,2.4,densenet201
18,cards\Rorschach_blot_02.jpg,syringe,8,2.03,densenet201
19,cards\Rorschach_blot_02.jpg,meat_loaf,9,1.93,densenet201
20,cards\Rorschach_blot_03.jpg,book_jacket,0,96.83,densenet201
21,cards\Rorschach_blot_03.jpg,tray,1,1.77,densenet201
22,cards\Rorschach_blot_03.jpg,vase,2,0.36,densenet201
23,cards\Rorschach_blot_03.jpg,envelope,3,0.28,densenet201
24,cards\Rorschach_blot_03.jpg,comic_book,4,0.24,densenet201
25,cards\Rorschach_blot_03.jpg,paintbrush,5,0.08,densenet201
26,cards\Rorschach_blot_03.jpg,red_wine,6,0.08,densenet201
27,cards\Rorschach_blot_03.jpg,jersey,7,0.05,densenet201
28,cards\Rorschach_blot_03.jpg,parachute,8,0.03,densenet201
29,cards\Rorschach_blot_03.jpg,ski,9,0.02,densenet201
30,cards\Rorschach_blot_04.jpg,pitcher,0,28.28,densenet201
31,cards\Rorschach_blot_04.jpg,vase,1,20.73,densenet201
32,cards\Rorschach_blot_04.jpg,airship,2,7.27,densenet201
33,cards\Rorschach_blot_04.jpg,volcano,3,5.97,densenet201
34,cards\Rorschach_blot_04.jpg,coral_fungus,4,4.85,densenet201
35,cards\Rorschach_blot_04.jpg,space_shuttle,5,3.59,densenet201
36,cards\Rorschach_blot_04.jpg,warthog,6,2.02,densenet201
37,cards\Rorschach_blot_04.jpg,hen-of-the-woods,7,1.87,densenet201
38,cards\Rorschach_blot_04.jpg,cauliflower,8,1.84,densenet201
39,cards\Rorschach_blot_04.jpg,cliff,9,1.36,densenet201
40,cards\Rorschach_blot_05.jpg,isopod,0,38.56,densenet201
41,cards\Rorschach_blot_05.jpg,ground_beetle,1,16.65,densenet201
42,cards\Rorschach_blot_05.jpg,airship,2,6.77,densenet201
43,cards\Rorschach_blot_05.jpg,hyena,3,6.62,densenet201
44,cards\Rorschach_blot_05.jpg,black_grouse,4,5.56,densenet201
45,cards\Rorschach_blot_05.jpg,fire_screen,5,2.68,densenet201
46,cards\Rorschach_blot_05.jpg,common_newt,6,1.93,densenet201
47,cards\Rorschach_blot_05.jpg,parachute,7,1.47,densenet201
48,cards\Rorschach_blot_05.jpg,long-horned_beetle,8,1.36,densenet201
49,cards\Rorschach_blot_05.jpg,black_stork,9,1.07,densenet201
50,cards\Rorschach_blot_06.jpg,airship,0,57.73,densenet201
51,cards\Rorschach_blot_06.jpg,wardrobe,1,7.27,densenet201
52,cards\Rorschach_blot_06.jpg,hook,2,5.25,densenet201
53,cards\Rorschach_blot_06.jpg,coho,3,5.23,densenet201
54,cards\Rorschach_blot_06.jpg,flagpole,4,1.79,densenet201
55,cards\Rorschach_blot_06.jpg,paper_towel,5,1.57,densenet201
56,cards\Rorschach_blot_06.jpg,coral_fungus,6,1.06,densenet201
57,cards\Rorschach_blot_06.jpg,long-horned_beetle,7,1.02,densenet201
58,cards\Rorschach_blot_06.jpg,fire_screen,8,0.96,densenet201
59,cards\Rorschach_blot_06.jpg,wall_clock,9,0.76,densenet201
60,cards\Rorschach_blot_07.jpg,parachute,0,27.22,densenet201
61,cards\Rorschach_blot_07.jpg,airship,1,17.8,densenet201
62,cards\Rorschach_blot_07.jpg,necklace,2,14.19,densenet201
63,cards\Rorschach_blot_07.jpg,cuirass,3,3.62,densenet201
64,cards\Rorschach_blot_07.jpg,wig,4,3.51,densenet201
65,cards\Rorschach_blot_07.jpg,missile,5,3.41,densenet201
66,cards\Rorschach_blot_07.jpg,space_shuttle,6,2.11,densenet201
67,cards\Rorschach_blot_07.jpg,warplane,7,1.49,densenet201
68,cards\Rorschach_blot_07.jpg,feather_boa,8,1.27,densenet201
69,cards\Rorschach_blot_07.jpg,knee_pad,9,1.15,densenet201
70,cards\Rorschach_blot_08.jpg,spoonbill,0,51.08,densenet201
71,cards\Rorschach_blot_08.jpg,parachute,1,12.0,densenet201
72,cards\Rorschach_blot_08.jpg,cliff,2,6.71,densenet201
73,cards\Rorschach_blot_08.jpg,alp,3,2.45,densenet201
74,cards\Rorschach_blot_08.jpg,ant,4,2.29,densenet201
75,cards\Rorschach_blot_08.jpg,airship,5,2.25,densenet201
76,cards\Rorschach_blot_08.jpg,handkerchief,6,1.75,densenet201
77,cards\Rorschach_blot_08.jpg,balloon,7,1.54,densenet201
78,cards\Rorschach_blot_08.jpg,hip,8,1.36,densenet201
79,cards\Rorschach_blot_08.jpg,fountain,9,0.93,densenet201
80,cards\Rorschach_blot_09.jpg,parachute,0,26.86,densenet201
81,cards\Rorschach_blot_09.jpg,goblet,1,22.93,densenet201
82,cards\Rorschach_blot_09.jpg,fountain,2,16.94,densenet201
83,cards\Rorschach_blot_09.jpg,trifle,3,9.01,densenet201
84,cards\Rorschach_blot_09.jpg,vase,4,6.73,densenet201
85,cards\Rorschach_blot_09.jpg,table_lamp,5,1.99,densenet201
86,cards\Rorschach_blot_09.jpg,candle,6,1.55,densenet201
87,cards\Rorschach_blot_09.jpg,balloon,7,1.55,densenet201
88,cards\Rorschach_blot_09.jpg,perfume,8,0.95,densenet201
89,cards\Rorschach_blot_09.jpg,hummingbird,9,0.92,densenet201
90,cards\Rorschach_blot_10.jpg,tray,0,45.18,densenet201
91,cards\Rorschach_blot_10.jpg,vase,1,14.66,densenet201
92,cards\Rorschach_blot_10.jpg,book_jacket,2,9.69,densenet201
93,cards\Rorschach_blot_10.jpg,space_shuttle,3,8.25,densenet201
94,cards\Rorschach_blot_10.jpg,birdhouse,4,5.01,densenet201
95,cards\Rorschach_blot_10.jpg,hip,5,4.03,densenet201
96,cards\Rorschach_blot_10.jpg,candle,6,2.64,densenet201
97,cards\Rorschach_blot_10.jpg,wine_bottle,7,2.05,densenet201
98,cards\Rorschach_blot_10.jpg,handkerchief,8,0.71,densenet201
99,cards\Rorschach_blot_10.jpg,feather_boa,9,0.52,densenet201
0,cards\Rorschach_blot_01.jpg,warplane,0,88.33,inceptionresnetv2
1,cards\Rorschach_blot_01.jpg,missile,1,3.38,inceptionresnetv2
2,cards\Rorschach_blot_01.jpg,wing,2,2.91,inceptionresnetv2
3,cards\Rorschach_blot_01.jpg,projectile,3,2.56,inceptionresnetv2
4,cards\Rorschach_blot_01.jpg,space_shuttle,4,0.36,inceptionresnetv2
5,cards\Rorschach_blot_01.jpg,aircraft_carrier,5,0.12,inceptionresnetv2
6,cards\Rorschach_blot_01.jpg,airliner,6,0.05,inceptionresnetv2
7,cards\Rorschach_blot_01.jpg,parachute,7,0.04,inceptionresnetv2
8,cards\Rorschach_blot_01.jpg,airship,8,0.04,inceptionresnetv2
9,cards\Rorschach_blot_01.jpg,starfish,9,0.04,inceptionresnetv2
10,cards\Rorschach_blot_02.jpg,wall_clock,0,18.41,inceptionresnetv2
11,cards\Rorschach_blot_02.jpg,feather_boa,1,2.1,inceptionresnetv2
12,cards\Rorschach_blot_02.jpg,admiral,2,2.09,inceptionresnetv2
13,cards\Rorschach_blot_02.jpg,throne,3,2.05,inceptionresnetv2
14,cards\Rorschach_blot_02.jpg,poncho,4,2.0,inceptionresnetv2
15,cards\Rorschach_blot_02.jpg,black_grouse,5,1.84,inceptionresnetv2
16,cards\Rorschach_blot_02.jpg,cloak,6,1.67,inceptionresnetv2
17,cards\Rorschach_blot_02.jpg,quill,7,1.58,inceptionresnetv2
18,cards\Rorschach_blot_02.jpg,volcano,8,1.55,inceptionresnetv2
19,cards\Rorschach_blot_02.jpg,mask,9,1.4,inceptionresnetv2
20,cards\Rorschach_blot_03.jpg,book_jacket,0,37.41,inceptionresnetv2
21,cards\Rorschach_blot_03.jpg,shield,1,8.02,inceptionresnetv2
22,cards\Rorschach_blot_03.jpg,tray,2,6.83,inceptionresnetv2
23,cards\Rorschach_blot_03.jpg,binder,3,5.41,inceptionresnetv2
24,cards\Rorschach_blot_03.jpg,fire_screen,4,4.07,inceptionresnetv2
25,cards\Rorschach_blot_03.jpg,jersey,5,2.47,inceptionresnetv2
26,cards\Rorschach_blot_03.jpg,handkerchief,6,2.04,inceptionresnetv2
27,cards\Rorschach_blot_03.jpg,doormat,7,1.67,inceptionresnetv2
28,cards\Rorschach_blot_03.jpg,brass,8,1.53,inceptionresnetv2
29,cards\Rorschach_blot_03.jpg,envelope,9,1.46,inceptionresnetv2
30,cards\Rorschach_blot_04.jpg,fountain,0,61.72,inceptionresnetv2
31,cards\Rorschach_blot_04.jpg,fire_screen,1,4.88,inceptionresnetv2
32,cards\Rorschach_blot_04.jpg,space_shuttle,2,1.78,inceptionresnetv2
33,cards\Rorschach_blot_04.jpg,parachute,3,1.41,inceptionresnetv2
34,cards\Rorschach_blot_04.jpg,warplane,4,1.36,inceptionresnetv2
35,cards\Rorschach_blot_04.jpg,long-horned_beetle,5,1.11,inceptionresnetv2
36,cards\Rorschach_blot_04.jpg,isopod,6,1.0,inceptionresnetv2
37,cards\Rorschach_blot_04.jpg,ground_beetle,7,0.89,inceptionresnetv2
38,cards\Rorschach_blot_04.jpg,wall_clock,8,0.83,inceptionresnetv2
39,cards\Rorschach_blot_04.jpg,scorpion,9,0.82,inceptionresnetv2
40,cards\Rorschach_blot_05.jpg,long-horned_beetle,0,32.23,inceptionresnetv2
41,cards\Rorschach_blot_05.jpg,ground_beetle,1,31.71,inceptionresnetv2
42,cards\Rorschach_blot_05.jpg,rhinoceros_beetle,2,13.13,inceptionresnetv2
43,cards\Rorschach_blot_05.jpg,cockroach,3,2.74,inceptionresnetv2
44,cards\Rorschach_blot_05.jpg,weevil,4,2.61,inceptionresnetv2
45,cards\Rorschach_blot_05.jpg,leaf_beetle,5,2.57,inceptionresnetv2
46,cards\Rorschach_blot_05.jpg,cricket,6,1.47,inceptionresnetv2
47,cards\Rorschach_blot_05.jpg,tiger_beetle,7,1.14,inceptionresnetv2
48,cards\Rorschach_blot_05.jpg,isopod,8,1.12,inceptionresnetv2
49,cards\Rorschach_blot_05.jpg,dung_beetle,9,0.88,inceptionresnetv2
50,cards\Rorschach_blot_06.jpg,conch,0,47.75,inceptionresnetv2
51,cards\Rorschach_blot_06.jpg,space_shuttle,1,5.79,inceptionresnetv2
52,cards\Rorschach_blot_06.jpg,sea_cucumber,2,5.32,inceptionresnetv2
53,cards\Rorschach_blot_06.jpg,starfish,3,1.27,inceptionresnetv2
54,cards\Rorschach_blot_06.jpg,hook,4,0.52,inceptionresnetv2
55,cards\Rorschach_blot_06.jpg,triceratops,5,0.51,inceptionresnetv2
56,cards\Rorschach_blot_06.jpg,banana,6,0.5,inceptionresnetv2
57,cards\Rorschach_blot_06.jpg,breastplate,7,0.39,inceptionresnetv2
58,cards\Rorschach_blot_06.jpg,table_lamp,8,0.37,inceptionresnetv2
59,cards\Rorschach_blot_06.jpg,flatworm,9,0.34,inceptionresnetv2
60,cards\Rorschach_blot_07.jpg,geyser,0,20.92,inceptionresnetv2
61,cards\Rorschach_blot_07.jpg,parachute,1,16.61,inceptionresnetv2
62,cards\Rorschach_blot_07.jpg,warplane,2,11.11,inceptionresnetv2
63,cards\Rorschach_blot_07.jpg,missile,3,9.16,inceptionresnetv2
64,cards\Rorschach_blot_07.jpg,projectile,4,4.34,inceptionresnetv2
65,cards\Rorschach_blot_07.jpg,volcano,5,4.03,inceptionresnetv2
66,cards\Rorschach_blot_07.jpg,chain,6,1.88,inceptionresnetv2
67,cards\Rorschach_blot_07.jpg,wing,7,1.05,inceptionresnetv2
68,cards\Rorschach_blot_07.jpg,hook,8,0.83,inceptionresnetv2
69,cards\Rorschach_blot_07.jpg,airship,9,0.8,inceptionresnetv2
70,cards\Rorschach_blot_08.jpg,shovel,0,10.12,inceptionresnetv2
71,cards\Rorschach_blot_08.jpg,missile,1,6.25,inceptionresnetv2
72,cards\Rorschach_blot_08.jpg,fountain,2,3.2,inceptionresnetv2
73,cards\Rorschach_blot_08.jpg,parachute,3,2.92,inceptionresnetv2
74,cards\Rorschach_blot_08.jpg,tick,4,2.39,inceptionresnetv2
75,cards\Rorschach_blot_08.jpg,pencil_sharpener,5,2.22,inceptionresnetv2
76,cards\Rorschach_blot_08.jpg,projectile,6,2.12,inceptionresnetv2
77,cards\Rorschach_blot_08.jpg,umbrella,7,1.92,inceptionresnetv2
78,cards\Rorschach_blot_08.jpg,poncho,8,1.85,inceptionresnetv2
79,cards\Rorschach_blot_08.jpg,screwdriver,9,1.84,inceptionresnetv2
80,cards\Rorschach_blot_09.jpg,missile,0,40.91,inceptionresnetv2
81,cards\Rorschach_blot_09.jpg,projectile,1,14.31,inceptionresnetv2
82,cards\Rorschach_blot_09.jpg,fountain,2,13.34,inceptionresnetv2
83,cards\Rorschach_blot_09.jpg,space_shuttle,3,3.45,inceptionresnetv2
84,cards\Rorschach_blot_09.jpg,candle,4,1.46,inceptionresnetv2
85,cards\Rorschach_blot_09.jpg,warplane,5,0.73,inceptionresnetv2
86,cards\Rorschach_blot_09.jpg,tray,6,0.59,inceptionresnetv2
87,cards\Rorschach_blot_09.jpg,altar,7,0.47,inceptionresnetv2
88,cards\Rorschach_blot_09.jpg,geyser,8,0.37,inceptionresnetv2
89,cards\Rorschach_blot_09.jpg,isopod,9,0.37,inceptionresnetv2
90,cards\Rorschach_blot_10.jpg,tray,0,19.37,inceptionresnetv2
91,cards\Rorschach_blot_10.jpg,missile,1,17.04,inceptionresnetv2
92,cards\Rorschach_blot_10.jpg,projectile,2,4.96,inceptionresnetv2
93,cards\Rorschach_blot_10.jpg,wall_clock,3,3.09,inceptionresnetv2
94,cards\Rorschach_blot_10.jpg,handkerchief,4,1.87,inceptionresnetv2
95,cards\Rorschach_blot_10.jpg,plate,5,1.77,inceptionresnetv2
96,cards\Rorschach_blot_10.jpg,warplane,6,1.25,inceptionresnetv2
97,cards\Rorschach_blot_10.jpg,soup_bowl,7,1.24,inceptionresnetv2
98,cards\Rorschach_blot_10.jpg,envelope,8,1.12,inceptionresnetv2
99,cards\Rorschach_blot_10.jpg,paper_towel,9,0.98,inceptionresnetv2
0,cards\Rorschach_blot_01.jpg,walking_stick,0,6.63,inceptionv3
1,cards\Rorschach_blot_01.jpg,traffic_light,1,6.3,inceptionv3
2,cards\Rorschach_blot_01.jpg,breastplate,2,4.69,inceptionv3
3,cards\Rorschach_blot_01.jpg,shield,3,2.82,inceptionv3
4,cards\Rorschach_blot_01.jpg,hammerhead,4,2.6,inceptionv3
5,cards\Rorschach_blot_01.jpg,missile,5,2.52,inceptionv3
6,cards\Rorschach_blot_01.jpg,lampshade,6,2.23,inceptionv3
7,cards\Rorschach_blot_01.jpg,cuirass,7,2.0,inceptionv3
8,cards\Rorschach_blot_01.jpg,tank,8,1.77,inceptionv3
9,cards\Rorschach_blot_01.jpg,warplane,9,1.34,inceptionv3
10,cards\Rorschach_blot_02.jpg,hair_slide,0,17.97,inceptionv3
11,cards\Rorschach_blot_02.jpg,honeycomb,1,11.5,inceptionv3
12,cards\Rorschach_blot_02.jpg,mask,2,8.77,inceptionv3
13,cards\Rorschach_blot_02.jpg,geyser,3,3.39,inceptionv3
14,cards\Rorschach_blot_02.jpg,breastplate,4,2.75,inceptionv3
15,cards\Rorschach_blot_02.jpg,wall_clock,5,2.18,inceptionv3
16,cards\Rorschach_blot_02.jpg,fire_screen,6,2.18,inceptionv3
17,cards\Rorschach_blot_02.jpg,shield,7,2.16,inceptionv3
18,cards\Rorschach_blot_02.jpg,admiral,8,1.82,inceptionv3
19,cards\Rorschach_blot_02.jpg,cuirass,9,1.74,inceptionv3
20,cards\Rorschach_blot_03.jpg,shield,0,40.51,inceptionv3
21,cards\Rorschach_blot_03.jpg,jersey,1,7.71,inceptionv3
22,cards\Rorschach_blot_03.jpg,coffee_mug,2,6.93,inceptionv3
23,cards\Rorschach_blot_03.jpg,tray,3,6.06,inceptionv3
24,cards\Rorschach_blot_03.jpg,pitcher,4,4.67,inceptionv3
25,cards\Rorschach_blot_03.jpg,book_jacket,5,1.96,inceptionv3
26,cards\Rorschach_blot_03.jpg,cup,6,1.83,inceptionv3
27,cards\Rorschach_blot_03.jpg,envelope,7,1.69,inceptionv3
28,cards\Rorschach_blot_03.jpg,pillow,8,1.29,inceptionv3
29,cards\Rorschach_blot_03.jpg,wall_clock,9,1.28,inceptionv3
30,cards\Rorschach_blot_04.jpg,banana,0,13.21,inceptionv3
31,cards\Rorschach_blot_04.jpg,fountain,1,10.2,inceptionv3
32,cards\Rorschach_blot_04.jpg,volcano,2,6.46,inceptionv3
33,cards\Rorschach_blot_04.jpg,vase,3,3.44,inceptionv3
34,cards\Rorschach_blot_04.jpg,coral_fungus,4,2.82,inceptionv3
35,cards\Rorschach_blot_04.jpg,pitcher,5,2.67,inceptionv3
36,cards\Rorschach_blot_04.jpg,jellyfish,6,1.97,inceptionv3
37,cards\Rorschach_blot_04.jpg,hen-of-the-woods,7,1.97,inceptionv3
38,cards\Rorschach_blot_04.jpg,wool,8,1.88,inceptionv3
39,cards\Rorschach_blot_04.jpg,missile,9,1.75,inceptionv3
40,cards\Rorschach_blot_05.jpg,isopod,0,11.33,inceptionv3
41,cards\Rorschach_blot_05.jpg,warplane,1,7.78,inceptionv3
42,cards\Rorschach_blot_05.jpg,tank,2,2.66,inceptionv3
43,cards\Rorschach_blot_05.jpg,pot,3,2.12,inceptionv3
44,cards\Rorschach_blot_05.jpg,paper_towel,4,1.86,inceptionv3
45,cards\Rorschach_blot_05.jpg,missile,5,1.67,inceptionv3
46,cards\Rorschach_blot_05.jpg,shield,6,1.56,inceptionv3
47,cards\Rorschach_blot_05.jpg,quill,7,1.37,inceptionv3
48,cards\Rorschach_blot_05.jpg,fire_screen,8,1.31,inceptionv3
49,cards\Rorschach_blot_05.jpg,electric_ray,9,1.31,inceptionv3
50,cards\Rorschach_blot_06.jpg,warplane,0,23.02,inceptionv3
51,cards\Rorschach_blot_06.jpg,missile,1,18.91,inceptionv3
52,cards\Rorschach_blot_06.jpg,projectile,2,4.57,inceptionv3
53,cards\Rorschach_blot_06.jpg,wing,3,2.89,inceptionv3
54,cards\Rorschach_blot_06.jpg,aircraft_carrier,4,1.72,inceptionv3
55,cards\Rorschach_blot_06.jpg,banana,5,1.32,inceptionv3
56,cards\Rorschach_blot_06.jpg,ant,6,0.97,inceptionv3
57,cards\Rorschach_blot_06.jpg,airliner,7,0.87,inceptionv3
58,cards\Rorschach_blot_06.jpg,fountain,8,0.83,inceptionv3
59,cards\Rorschach_blot_06.jpg,brass,9,0.8,inceptionv3
60,cards\Rorschach_blot_07.jpg,missile,0,36.33,inceptionv3
61,cards\Rorschach_blot_07.jpg,projectile,1,22.02,inceptionv3
62,cards\Rorschach_blot_07.jpg,geyser,2,11.51,inceptionv3
63,cards\Rorschach_blot_07.jpg,screw,3,3.54,inceptionv3
64,cards\Rorschach_blot_07.jpg,volcano,4,1.92,inceptionv3
65,cards\Rorschach_blot_07.jpg,breastplate,5,1.62,inceptionv3
66,cards\Rorschach_blot_07.jpg,banana,6,0.76,inceptionv3
67,cards\Rorschach_blot_07.jpg,barometer,7,0.69,inceptionv3
68,cards\Rorschach_blot_07.jpg,honeycomb,8,0.68,inceptionv3
69,cards\Rorschach_blot_07.jpg,steam_locomotive,9,0.62,inceptionv3
70,cards\Rorschach_blot_08.jpg,umbrella,0,58.12,inceptionv3
71,cards\Rorschach_blot_08.jpg,parachute,1,13.32,inceptionv3
72,cards\Rorschach_blot_08.jpg,jellyfish,2,1.63,inceptionv3
73,cards\Rorschach_blot_08.jpg,violin,3,1.09,inceptionv3
74,cards\Rorschach_blot_08.jpg,leatherback_turtle,4,0.82,inceptionv3
75,cards\Rorschach_blot_08.jpg,balloon,5,0.68,inceptionv3
76,cards\Rorschach_blot_08.jpg,hoopskirt,6,0.59,inceptionv3
77,cards\Rorschach_blot_08.jpg,fountain,7,0.5,inceptionv3
78,cards\Rorschach_blot_08.jpg,book_jacket,8,0.49,inceptionv3
79,cards\Rorschach_blot_08.jpg,poncho,9,0.46,inceptionv3
80,cards\Rorschach_blot_09.jpg,parachute,0,16.59,inceptionv3
81,cards\Rorschach_blot_09.jpg,fountain,1,9.61,inceptionv3
82,cards\Rorschach_blot_09.jpg,missile,2,7.83,inceptionv3
83,cards\Rorschach_blot_09.jpg,jellyfish,3,4.89,inceptionv3
84,cards\Rorschach_blot_09.jpg,isopod,4,2.62,inceptionv3
85,cards\Rorschach_blot_09.jpg,hook,5,2.2,inceptionv3
86,cards\Rorschach_blot_09.jpg,violin,6,1.96,inceptionv3
87,cards\Rorschach_blot_09.jpg,space_shuttle,7,1.86,inceptionv3
88,cards\Rorschach_blot_09.jpg,cello,8,1.79,inceptionv3
89,cards\Rorschach_blot_09.jpg,balloon,9,1.66,inceptionv3
90,cards\Rorschach_blot_10.jpg,tray,0,57.58,inceptionv3
91,cards\Rorschach_blot_10.jpg,paper_towel,1,6.07,inceptionv3
92,cards\Rorschach_blot_10.jpg,jigsaw_puzzle,2,1.37,inceptionv3
93,cards\Rorschach_blot_10.jpg,jellyfish,3,1.05,inceptionv3
94,cards\Rorschach_blot_10.jpg,vase,4,0.99,inceptionv3
95,cards\Rorschach_blot_10.jpg,honeycomb,5,0.87,inceptionv3
96,cards\Rorschach_blot_10.jpg,menu,6,0.82,inceptionv3
97,cards\Rorschach_blot_10.jpg,conch,7,0.56,inceptionv3
98,cards\Rorschach_blot_10.jpg,king_crab,8,0.55,inceptionv3
99,cards\Rorschach_blot_10.jpg,parachute,9,0.49,inceptionv3
0,cards\Rorschach_blot_01.jpg,birdhouse,0,11.5,mobilenet
1,cards\Rorschach_blot_01.jpg,kite,1,11.38,mobilenet
2,cards\Rorschach_blot_01.jpg,vulture,2,11.32,mobilenet
3,cards\Rorschach_blot_01.jpg,warplane,3,10.25,mobilenet
4,cards\Rorschach_blot_01.jpg,hummingbird,4,9.19,mobilenet
5,cards\Rorschach_blot_01.jpg,acorn,5,7.0,mobilenet
6,cards\Rorschach_blot_01.jpg,conch,6,6.55,mobilenet
7,cards\Rorschach_blot_01.jpg,wing,7,4.28,mobilenet
8,cards\Rorschach_blot_01.jpg,black_grouse,8,2.81,mobilenet
9,cards\Rorschach_blot_01.jpg,quail,9,2.11,mobilenet
10,cards\Rorschach_blot_02.jpg,cock,0,72.84,mobilenet
11,cards\Rorschach_blot_02.jpg,hen,1,9.43,mobilenet
12,cards\Rorschach_blot_02.jpg,conch,2,6.46,mobilenet
13,cards\Rorschach_blot_02.jpg,black_grouse,3,1.79,mobilenet
14,cards\Rorschach_blot_02.jpg,birdhouse,4,1.08,mobilenet
15,cards\Rorschach_blot_02.jpg,hummingbird,5,0.74,mobilenet
16,cards\Rorschach_blot_02.jpg,mask,6,0.73,mobilenet
17,cards\Rorschach_blot_02.jpg,obelisk,7,0.64,mobilenet
18,cards\Rorschach_blot_02.jpg,admiral,8,0.42,mobilenet
19,cards\Rorschach_blot_02.jpg,flagpole,9,0.34,mobilenet
20,cards\Rorschach_blot_03.jpg,candle,0,32.68,mobilenet
21,cards\Rorschach_blot_03.jpg,ice_cream,1,22.52,mobilenet
22,cards\Rorschach_blot_03.jpg,vase,2,5.37,mobilenet
23,cards\Rorschach_blot_03.jpg,book_jacket,3,4.56,mobilenet
24,cards\Rorschach_blot_03.jpg,lipstick,4,2.62,mobilenet
25,cards\Rorschach_blot_03.jpg,handkerchief,5,2.62,mobilenet
26,cards\Rorschach_blot_03.jpg,jersey,6,1.86,mobilenet
27,cards\Rorschach_blot_03.jpg,soap_dispenser,7,1.66,mobilenet
28,cards\Rorschach_blot_03.jpg,tray,8,1.45,mobilenet
29,cards\Rorschach_blot_03.jpg,pitcher,9,1.39,mobilenet
30,cards\Rorschach_blot_04.jpg,vase,0,12.82,mobilenet
31,cards\Rorschach_blot_04.jpg,Afghan_hound,1,5.89,mobilenet
32,cards\Rorschach_blot_04.jpg,boxer,2,5.48,mobilenet
33,cards\Rorschach_blot_04.jpg,miniature_schnauzer,3,3.59,mobilenet
34,cards\Rorschach_blot_04.jpg,hip,4,3.59,mobilenet
35,cards\Rorschach_blot_04.jpg,triumphal_arch,5,3.02,mobilenet
36,cards\Rorschach_blot_04.jpg,feather_boa,6,2.88,mobilenet
37,cards\Rorschach_blot_04.jpg,cup,7,2.68,mobilenet
38,cards\Rorschach_blot_04.jpg,pitcher,8,2.01,mobilenet
39,cards\Rorschach_blot_04.jpg,isopod,9,1.55,mobilenet
40,cards\Rorschach_blot_05.jpg,rhinoceros_beetle,0,14.52,mobilenet
41,cards\Rorschach_blot_05.jpg,fire_screen,1,8.59,mobilenet
42,cards\Rorschach_blot_05.jpg,hummingbird,2,7.19,mobilenet
43,cards\Rorschach_blot_05.jpg,buckeye,3,6.41,mobilenet
44,cards\Rorschach_blot_05.jpg,triumphal_arch,4,5.69,mobilenet
45,cards\Rorschach_blot_05.jpg,fly,5,5.47,mobilenet
46,cards\Rorschach_blot_05.jpg,hip,6,4.38,mobilenet
47,cards\Rorschach_blot_05.jpg,bee,7,2.83,mobilenet
48,cards\Rorschach_blot_05.jpg,strawberry,8,2.55,mobilenet
49,cards\Rorschach_blot_05.jpg,tarantula,9,2.12,mobilenet
50,cards\Rorschach_blot_06.jpg,warplane,0,65.99,mobilenet
51,cards\Rorschach_blot_06.jpg,missile,1,11.34,mobilenet
52,cards\Rorschach_blot_06.jpg,projectile,2,4.32,mobilenet
53,cards\Rorschach_blot_06.jpg,wing,3,2.32,mobilenet
54,cards\Rorschach_blot_06.jpg,pole,4,1.05,mobilenet
55,cards\Rorschach_blot_06.jpg,feather_boa,5,0.92,mobilenet
56,cards\Rorschach_blot_06.jpg,aircraft_carrier,6,0.84,mobilenet
57,cards\Rorschach_blot_06.jpg,isopod,7,0.74,mobilenet
58,cards\Rorschach_blot_06.jpg,fountain,8,0.72,mobilenet
59,cards\Rorschach_blot_06.jpg,space_shuttle,9,0.69,mobilenet
60,cards\Rorschach_blot_07.jpg,hip,0,29.89,mobilenet
61,cards\Rorschach_blot_07.jpg,candle,1,7.76,mobilenet
62,cards\Rorschach_blot_07.jpg,strawberry,2,5.8,mobilenet
63,cards\Rorschach_blot_07.jpg,necklace,3,4.3,mobilenet
64,cards\Rorschach_blot_07.jpg,matchstick,4,2.87,mobilenet
65,cards\Rorschach_blot_07.jpg,tray,5,2.6,mobilenet
66,cards\Rorschach_blot_07.jpg,hook,6,2.13,mobilenet
67,cards\Rorschach_blot_07.jpg,geyser,7,2.12,mobilenet
68,cards\Rorschach_blot_07.jpg,bucket,8,1.74,mobilenet
69,cards\Rorschach_blot_07.jpg,cauliflower,9,1.53,mobilenet
70,cards\Rorschach_blot_08.jpg,fountain,0,77.33,mobilenet
71,cards\Rorschach_blot_08.jpg,mask,1,3.3,mobilenet
72,cards\Rorschach_blot_08.jpg,handkerchief,2,1.17,mobilenet
73,cards\Rorschach_blot_08.jpg,jigsaw_puzzle,3,0.95,mobilenet
74,cards\Rorschach_blot_08.jpg,necklace,4,0.78,mobilenet
75,cards\Rorschach_blot_08.jpg,umbrella,5,0.75,mobilenet
76,cards\Rorschach_blot_08.jpg,orange,6,0.71,mobilenet
77,cards\Rorschach_blot_08.jpg,wool,7,0.55,mobilenet
78,cards\Rorschach_blot_08.jpg,fire_screen,8,0.46,mobilenet
79,cards\Rorschach_blot_08.jpg,shovel,9,0.46,mobilenet
80,cards\Rorschach_blot_09.jpg,fountain,0,64.82,mobilenet
81,cards\Rorschach_blot_09.jpg,hourglass,1,21.0,mobilenet
82,cards\Rorschach_blot_09.jpg,balloon,2,4.18,mobilenet
83,cards\Rorschach_blot_09.jpg,parachute,3,1.31,mobilenet
84,cards\Rorschach_blot_09.jpg,red_wine,4,1.13,mobilenet
85,cards\Rorschach_blot_09.jpg,trifle,5,0.87,mobilenet
86,cards\Rorschach_blot_09.jpg,altar,6,0.54,mobilenet
87,cards\Rorschach_blot_09.jpg,hummingbird,7,0.49,mobilenet
88,cards\Rorschach_blot_09.jpg,vase,8,0.38,mobilenet
89,cards\Rorschach_blot_09.jpg,espresso,9,0.31,mobilenet
90,cards\Rorschach_blot_10.jpg,handkerchief,0,12.82,mobilenet
91,cards\Rorschach_blot_10.jpg,feather_boa,1,8.78,mobilenet
92,cards\Rorschach_blot_10.jpg,goldfish,2,3.79,mobilenet
93,cards\Rorschach_blot_10.jpg,tray,3,3.41,mobilenet
94,cards\Rorschach_blot_10.jpg,fountain,4,2.68,mobilenet
95,cards\Rorschach_blot_10.jpg,candle,5,2.58,mobilenet
96,cards\Rorschach_blot_10.jpg,vase,6,2.39,mobilenet
97,cards\Rorschach_blot_10.jpg,saltshaker,7,2.35,mobilenet
98,cards\Rorschach_blot_10.jpg,fire_screen,8,2.14,mobilenet
99,cards\Rorschach_blot_10.jpg,thimble,9,1.9,mobilenet
0,cards\Rorschach_blot_01.jpg,warplane,0,46.16,nasnetlarge
1,cards\Rorschach_blot_01.jpg,wing,1,27.57,nasnetlarge
2,cards\Rorschach_blot_01.jpg,cuirass,2,3.99,nasnetlarge
3,cards\Rorschach_blot_01.jpg,missile,3,2.47,nasnetlarge
4,cards\Rorschach_blot_01.jpg,breastplate,4,2.29,nasnetlarge
5,cards\Rorschach_blot_01.jpg,projectile,5,1.33,nasnetlarge
6,cards\Rorschach_blot_01.jpg,aircraft_carrier,6,1.1,nasnetlarge
7,cards\Rorschach_blot_01.jpg,shield,7,0.79,nasnetlarge
8,cards\Rorschach_blot_01.jpg,pole,8,0.44,nasnetlarge
9,cards\Rorschach_blot_01.jpg,volcano,9,0.36,nasnetlarge
10,cards\Rorschach_blot_02.jpg,mask,0,29.46,nasnetlarge
11,cards\Rorschach_blot_02.jpg,bearskin,1,8.5,nasnetlarge
12,cards\Rorschach_blot_02.jpg,cuirass,2,6.75,nasnetlarge
13,cards\Rorschach_blot_02.jpg,breastplate,3,5.17,nasnetlarge
14,cards\Rorschach_blot_02.jpg,wall_clock,4,3.98,nasnetlarge
15,cards\Rorschach_blot_02.jpg,cloak,5,3.15,nasnetlarge
16,cards\Rorschach_blot_02.jpg,chime,6,3.07,nasnetlarge
17,cards\Rorschach_blot_02.jpg,shield,7,2.42,nasnetlarge
18,cards\Rorschach_blot_02.jpg,velvet,8,1.5,nasnetlarge
19,cards\Rorschach_blot_02.jpg,frilled_lizard,9,1.49,nasnetlarge
20,cards\Rorschach_blot_03.jpg,book_jacket,0,39.06,nasnetlarge
21,cards\Rorschach_blot_03.jpg,jersey,1,17.15,nasnetlarge
22,cards\Rorschach_blot_03.jpg,comic_book,2,5.41,nasnetlarge
23,cards\Rorschach_blot_03.jpg,ashcan,3,2.32,nasnetlarge
24,cards\Rorschach_blot_03.jpg,envelope,4,1.67,nasnetlarge
25,cards\Rorschach_blot_03.jpg,tray,5,1.57,nasnetlarge
26,cards\Rorschach_blot_03.jpg,bucket,6,1.51,nasnetlarge
27,cards\Rorschach_blot_03.jpg,coffee_mug,7,1.18,nasnetlarge
28,cards\Rorschach_blot_03.jpg,toilet_tissue,8,1.12,nasnetlarge
29,cards\Rorschach_blot_03.jpg,milk_can,9,0.74,nasnetlarge
30,cards\Rorschach_blot_04.jpg,fountain,0,10.39,nasnetlarge
31,cards\Rorschach_blot_04.jpg,vase,1,7.52,nasnetlarge
32,cards\Rorschach_blot_04.jpg,cauliflower,2,5.45,nasnetlarge
33,cards\Rorschach_blot_04.jpg,broccoli,3,3.33,nasnetlarge
34,cards\Rorschach_blot_04.jpg,cicada,4,2.63,nasnetlarge
35,cards\Rorschach_blot_04.jpg,black_swan,5,2.09,nasnetlarge
36,cards\Rorschach_blot_04.jpg,book_jacket,6,1.92,nasnetlarge
37,cards\Rorschach_blot_04.jpg,hen-of-the-woods,7,1.84,nasnetlarge
38,cards\Rorschach_blot_04.jpg,hip,8,1.82,nasnetlarge
39,cards\Rorschach_blot_04.jpg,pitcher,9,1.32,nasnetlarge
40,cards\Rorschach_blot_05.jpg,isopod,0,37.56,nasnetlarge
41,cards\Rorschach_blot_05.jpg,tick,1,3.84,nasnetlarge
42,cards\Rorschach_blot_05.jpg,ant,2,3.73,nasnetlarge
43,cards\Rorschach_blot_05.jpg,ground_beetle,3,3.57,nasnetlarge
44,cards\Rorschach_blot_05.jpg,warplane,4,3.39,nasnetlarge
45,cards\Rorschach_blot_05.jpg,cicada,5,2.21,nasnetlarge
46,cards\Rorschach_blot_05.jpg,crayfish,6,1.98,nasnetlarge
47,cards\Rorschach_blot_05.jpg,cockroach,7,1.88,nasnetlarge
48,cards\Rorschach_blot_05.jpg,walking_stick,8,1.84,nasnetlarge
49,cards\Rorschach_blot_05.jpg,rhinoceros_beetle,9,1.42,nasnetlarge
50,cards\Rorschach_blot_06.jpg,missile,0,53.82,nasnetlarge
51,cards\Rorschach_blot_06.jpg,projectile,1,26.38,nasnetlarge
52,cards\Rorschach_blot_06.jpg,warplane,2,0.52,nasnetlarge
53,cards\Rorschach_blot_06.jpg,flatworm,3,0.26,nasnetlarge
54,cards\Rorschach_blot_06.jpg,space_shuttle,4,0.24,nasnetlarge
55,cards\Rorschach_blot_06.jpg,traffic_light,5,0.23,nasnetlarge
56,cards\Rorschach_blot_06.jpg,fountain,6,0.17,nasnetlarge
57,cards\Rorschach_blot_06.jpg,table_lamp,7,0.15,nasnetlarge
58,cards\Rorschach_blot_06.jpg,breastplate,8,0.15,nasnetlarge
59,cards\Rorschach_blot_06.jpg,hair_slide,9,0.12,nasnetlarge
60,cards\Rorschach_blot_07.jpg,warplane,0,17.5,nasnetlarge
61,cards\Rorschach_blot_07.jpg,missile,1,13.8,nasnetlarge
62,cards\Rorschach_blot_07.jpg,volcano,2,12.57,nasnetlarge
63,cards\Rorschach_blot_07.jpg,projectile,3,6.93,nasnetlarge
64,cards\Rorschach_blot_07.jpg,wing,4,6.69,nasnetlarge
65,cards\Rorschach_blot_07.jpg,geyser,5,4.13,nasnetlarge
66,cards\Rorschach_blot_07.jpg,steam_locomotive,6,3.85,nasnetlarge
67,cards\Rorschach_blot_07.jpg,airship,7,3.16,nasnetlarge
68,cards\Rorschach_blot_07.jpg,parachute,8,2.41,nasnetlarge
69,cards\Rorschach_blot_07.jpg,aircraft_carrier,9,1.5,nasnetlarge
70,cards\Rorschach_blot_08.jpg,fountain,0,40.55,nasnetlarge
71,cards\Rorschach_blot_08.jpg,pitcher,1,4.9,nasnetlarge
72,cards\Rorschach_blot_08.jpg,coffeepot,2,4.35,nasnetlarge
73,cards\Rorschach_blot_08.jpg,tray,3,3.83,nasnetlarge
74,cards\Rorschach_blot_08.jpg,vase,4,2.24,nasnetlarge
75,cards\Rorschach_blot_08.jpg,bow,5,2.03,nasnetlarge
76,cards\Rorschach_blot_08.jpg,handkerchief,6,1.95,nasnetlarge
77,cards\Rorschach_blot_08.jpg,cup,7,1.83,nasnetlarge
78,cards\Rorschach_blot_08.jpg,parachute,8,1.79,nasnetlarge
79,cards\Rorschach_blot_08.jpg,teapot,9,1.66,nasnetlarge
80,cards\Rorschach_blot_09.jpg,missile,0,65.79,nasnetlarge
81,cards\Rorschach_blot_09.jpg,projectile,1,21.87,nasnetlarge
82,cards\Rorschach_blot_09.jpg,tank,2,0.1,nasnetlarge
83,cards\Rorschach_blot_09.jpg,space_shuttle,3,0.07,nasnetlarge
84,cards\Rorschach_blot_09.jpg,trifle,4,0.07,nasnetlarge
85,cards\Rorschach_blot_09.jpg,warplane,5,0.06,nasnetlarge
86,cards\Rorschach_blot_09.jpg,plate,6,0.05,nasnetlarge
87,cards\Rorschach_blot_09.jpg,pitcher,7,0.05,nasnetlarge
88,cards\Rorschach_blot_09.jpg,pencil_sharpener,8,0.05,nasnetlarge
89,cards\Rorschach_blot_09.jpg,Ibizan_hound,9,0.04,nasnetlarge
90,cards\Rorschach_blot_10.jpg,tray,0,87.29,nasnetlarge
91,cards\Rorschach_blot_10.jpg,handkerchief,1,2.32,nasnetlarge
92,cards\Rorschach_blot_10.jpg,feather_boa,2,0.51,nasnetlarge
93,cards\Rorschach_blot_10.jpg,parachute,3,0.45,nasnetlarge
94,cards\Rorschach_blot_10.jpg,space_shuttle,4,0.35,nasnetlarge
95,cards\Rorschach_blot_10.jpg,pillow,5,0.3,nasnetlarge
96,cards\Rorschach_blot_10.jpg,wall_clock,6,0.3,nasnetlarge
97,cards\Rorschach_blot_10.jpg,vase,7,0.23,nasnetlarge
98,cards\Rorschach_blot_10.jpg,envelope,8,0.22,nasnetlarge
99,cards\Rorschach_blot_10.jpg,fire_screen,9,0.21,nasnetlarge
0,cards\Rorschach_blot_01.jpg,wall_clock,0,32.29,nasnetmobile
1,cards\Rorschach_blot_01.jpg,warplane,1,15.95,nasnetmobile
2,cards\Rorschach_blot_01.jpg,wing,2,6.71,nasnetmobile
3,cards\Rorschach_blot_01.jpg,parachute,3,3.58,nasnetmobile
4,cards\Rorschach_blot_01.jpg,analog_clock,4,2.11,nasnetmobile
5,cards\Rorschach_blot_01.jpg,projectile,5,1.93,nasnetmobile
6,cards\Rorschach_blot_01.jpg,barometer,6,1.36,nasnetmobile
7,cards\Rorschach_blot_01.jpg,aircraft_carrier,7,1.32,nasnetmobile
8,cards\Rorschach_blot_01.jpg,shield,8,1.01,nasnetmobile
9,cards\Rorschach_blot_01.jpg,missile,9,0.92,nasnetmobile
10,cards\Rorschach_blot_02.jpg,earthstar,0,41.42,nasnetmobile
11,cards\Rorschach_blot_02.jpg,brassiere,1,12.75,nasnetmobile
12,cards\Rorschach_blot_02.jpg,conch,2,9.86,nasnetmobile
13,cards\Rorschach_blot_02.jpg,hen-of-the-woods,3,3.48,nasnetmobile
14,cards\Rorschach_blot_02.jpg,mushroom,4,0.77,nasnetmobile
15,cards\Rorschach_blot_02.jpg,isopod,5,0.67,nasnetmobile
16,cards\Rorschach_blot_02.jpg,candle,6,0.63,nasnetmobile
17,cards\Rorschach_blot_02.jpg,stinkhorn,7,0.54,nasnetmobile
18,cards\Rorschach_blot_02.jpg,frilled_lizard,8,0.47,nasnetmobile
19,cards\Rorschach_blot_02.jpg,hair_slide,9,0.44,nasnetmobile
20,cards\Rorschach_blot_03.jpg,ant,0,25.81,nasnetmobile
21,cards\Rorschach_blot_03.jpg,paper_towel,1,2.26,nasnetmobile
22,cards\Rorschach_blot_03.jpg,book_jacket,2,2.0,nasnetmobile
23,cards\Rorschach_blot_03.jpg,envelope,3,1.95,nasnetmobile
24,cards\Rorschach_blot_03.jpg,shield,4,1.93,nasnetmobile
25,cards\Rorschach_blot_03.jpg,tray,5,1.85,nasnetmobile
26,cards\Rorschach_blot_03.jpg,wall_clock,6,1.27,nasnetmobile
27,cards\Rorschach_blot_03.jpg,garden_spider,7,1.24,nasnetmobile
28,cards\Rorschach_blot_03.jpg,barn_spider,8,1.06,nasnetmobile
29,cards\Rorschach_blot_03.jpg,toilet_tissue,9,1.01,nasnetmobile
30,cards\Rorschach_blot_04.jpg,king_crab,0,23.99,nasnetmobile
31,cards\Rorschach_blot_04.jpg,jellyfish,1,16.61,nasnetmobile
32,cards\Rorschach_blot_04.jpg,scorpion,2,5.01,nasnetmobile
33,cards\Rorschach_blot_04.jpg,isopod,3,4.59,nasnetmobile
34,cards\Rorschach_blot_04.jpg,starfish,4,1.96,nasnetmobile
35,cards\Rorschach_blot_04.jpg,rock_crab,5,1.76,nasnetmobile
36,cards\Rorschach_blot_04.jpg,tick,6,1.5,nasnetmobile
37,cards\Rorschach_blot_04.jpg,space_shuttle,7,1.24,nasnetmobile
38,cards\Rorschach_blot_04.jpg,scuba_diver,8,1.05,nasnetmobile
39,cards\Rorschach_blot_04.jpg,crayfish,9,1.05,nasnetmobile
40,cards\Rorschach_blot_05.jpg,ant,0,41.33,nasnetmobile
41,cards\Rorschach_blot_05.jpg,fly,1,5.27,nasnetmobile
42,cards\Rorschach_blot_05.jpg,isopod,2,4.18,nasnetmobile
43,cards\Rorschach_blot_05.jpg,tick,3,3.66,nasnetmobile
44,cards\Rorschach_blot_05.jpg,cockroach,4,2.87,nasnetmobile
45,cards\Rorschach_blot_05.jpg,ground_beetle,5,2.79,nasnetmobile
46,cards\Rorschach_blot_05.jpg,scorpion,6,2.64,nasnetmobile
47,cards\Rorschach_blot_05.jpg,barn_spider,7,1.92,nasnetmobile
48,cards\Rorschach_blot_05.jpg,long-horned_beetle,8,1.91,nasnetmobile
49,cards\Rorschach_blot_05.jpg,cricket,9,1.42,nasnetmobile
50,cards\Rorschach_blot_06.jpg,warplane,0,30.31,nasnetmobile
51,cards\Rorschach_blot_06.jpg,wing,1,14.67,nasnetmobile
52,cards\Rorschach_blot_06.jpg,sea_cucumber,2,6.01,nasnetmobile
53,cards\Rorschach_blot_06.jpg,missile,3,3.81,nasnetmobile
54,cards\Rorschach_blot_06.jpg,projectile,4,3.28,nasnetmobile
55,cards\Rorschach_blot_06.jpg,airliner,5,1.85,nasnetmobile
56,cards\Rorschach_blot_06.jpg,parachute,6,1.26,nasnetmobile
57,cards\Rorschach_blot_06.jpg,space_shuttle,7,1.01,nasnetmobile
58,cards\Rorschach_blot_06.jpg,starfish,8,0.75,nasnetmobile
59,cards\Rorschach_blot_06.jpg,airship,9,0.74,nasnetmobile
60,cards\Rorschach_blot_07.jpg,projectile,0,42.31,nasnetmobile
61,cards\Rorschach_blot_07.jpg,missile,1,32.25,nasnetmobile
62,cards\Rorschach_blot_07.jpg,warplane,2,4.41,nasnetmobile
63,cards\Rorschach_blot_07.jpg,aircraft_carrier,3,2.43,nasnetmobile
64,cards\Rorschach_blot_07.jpg,wing,4,1.36,nasnetmobile
65,cards\Rorschach_blot_07.jpg,brassiere,5,0.89,nasnetmobile
66,cards\Rorschach_blot_07.jpg,hip,6,0.3,nasnetmobile
67,cards\Rorschach_blot_07.jpg,space_shuttle,7,0.28,nasnetmobile
68,cards\Rorschach_blot_07.jpg,airship,8,0.27,nasnetmobile
69,cards\Rorschach_blot_07.jpg,ant,9,0.23,nasnetmobile
70,cards\Rorschach_blot_08.jpg,fountain,0,71.71,nasnetmobile
71,cards\Rorschach_blot_08.jpg,jellyfish,1,2.01,nasnetmobile
72,cards\Rorschach_blot_08.jpg,pencil_sharpener,2,1.74,nasnetmobile
73,cards\Rorschach_blot_08.jpg,umbrella,3,1.44,nasnetmobile
74,cards\Rorschach_blot_08.jpg,balloon,4,0.54,nasnetmobile
75,cards\Rorschach_blot_08.jpg,parachute,5,0.3,nasnetmobile
76,cards\Rorschach_blot_08.jpg,airship,6,0.26,nasnetmobile
77,cards\Rorschach_blot_08.jpg,geyser,7,0.21,nasnetmobile
78,cards\Rorschach_blot_08.jpg,bubble,8,0.2,nasnetmobile
79,cards\Rorschach_blot_08.jpg,picket_fence,9,0.19,nasnetmobile
80,cards\Rorschach_blot_09.jpg,lampshade,0,13.48,nasnetmobile
81,cards\Rorschach_blot_09.jpg,conch,1,11.71,nasnetmobile
82,cards\Rorschach_blot_09.jpg,bolo_tie,2,4.77,nasnetmobile
83,cards\Rorschach_blot_09.jpg,necklace,3,3.84,nasnetmobile
84,cards\Rorschach_blot_09.jpg,chime,4,3.6,nasnetmobile
85,cards\Rorschach_blot_09.jpg,goblet,5,2.82,nasnetmobile
86,cards\Rorschach_blot_09.jpg,handkerchief,6,2.67,nasnetmobile
87,cards\Rorschach_blot_09.jpg,vase,7,1.73,nasnetmobile
88,cards\Rorschach_blot_09.jpg,trifle,8,1.67,nasnetmobile
89,cards\Rorschach_blot_09.jpg,table_lamp,9,1.5,nasnetmobile
90,cards\Rorschach_blot_10.jpg,handkerchief,0,10.61,nasnetmobile
91,cards\Rorschach_blot_10.jpg,tray,1,4.78,nasnetmobile
92,cards\Rorschach_blot_10.jpg,vase,2,4.1,nasnetmobile
93,cards\Rorschach_blot_10.jpg,candle,3,3.08,nasnetmobile
94,cards\Rorschach_blot_10.jpg,purse,4,2.6,nasnetmobile
95,cards\Rorschach_blot_10.jpg,bib,5,2.26,nasnetmobile
96,cards\Rorschach_blot_10.jpg,Christmas_stocking,6,1.92,nasnetmobile
97,cards\Rorschach_blot_10.jpg,lampshade,7,1.6,nasnetmobile
98,cards\Rorschach_blot_10.jpg,pillow,8,1.54,nasnetmobile
99,cards\Rorschach_blot_10.jpg,paper_towel,9,1.46,nasnetmobile
0,Rorschach_blot_01.jpg,paper_towel,0,22.51,net50
1,Rorschach_blot_01.jpg,wall_clock,1,12.77,net50
2,Rorschach_blot_01.jpg,pencil_sharpener,2,8.85,net50
3,Rorschach_blot_01.jpg,airship,3,3.86,net50
4,Rorschach_blot_01.jpg,jigsaw_puzzle,4,3.04,net50
5,Rorschach_blot_01.jpg,conch,5,2.32,net50
6,Rorschach_blot_01.jpg,fire_screen,6,2.13,net50
7,Rorschach_blot_01.jpg,acorn,7,2.09,net50
8,Rorschach_blot_01.jpg,table_lamp,8,1.99,net50
9,Rorschach_blot_01.jpg,chime,9,1.65,net50
10,Rorschach_blot_02.jpg,tray,0,19.3,net50
11,Rorschach_blot_02.jpg,hair_slide,1,6.62,net50
12,Rorschach_blot_02.jpg,book_jacket,2,5.18,net50
13,Rorschach_blot_02.jpg,lampshade,3,4.68,net50
14,Rorschach_blot_02.jpg,hen,4,4.35,net50
15,Rorschach_blot_02.jpg,hummingbird,5,3.86,net50
16,Rorschach_blot_02.jpg,parachute,6,3.84,net50
17,Rorschach_blot_02.jpg,conch,7,2.38,net50
18,Rorschach_blot_02.jpg,ice_lolly,8,1.52,net50
19,Rorschach_blot_02.jpg,hip,9,1.51,net50
20,Rorschach_blot_03.jpg,book_jacket,0,51.65,net50
21,Rorschach_blot_03.jpg,jersey,1,5.67,net50
22,Rorschach_blot_03.jpg,garden_spider,2,3.06,net50
23,Rorschach_blot_03.jpg,lighter,3,2.98,net50
24,Rorschach_blot_03.jpg,tray,4,2.82,net50
25,Rorschach_blot_03.jpg,barn_spider,5,2.74,net50
26,Rorschach_blot_03.jpg,rubber_eraser,6,2.13,net50
27,Rorschach_blot_03.jpg,handkerchief,7,1.63,net50
28,Rorschach_blot_03.jpg,spider_web,8,1.63,net50
29,Rorschach_blot_03.jpg,pencil_box,9,1.56,net50
30,Rorschach_blot_04.jpg,triumphal_arch,0,11.04,net50
31,Rorschach_blot_04.jpg,fountain,1,9.59,net50
32,Rorschach_blot_04.jpg,coral_fungus,2,8.73,net50
33,Rorschach_blot_04.jpg,hook,3,8.27,net50
34,Rorschach_blot_04.jpg,airship,4,4.74,net50
35,Rorschach_blot_04.jpg,wreck,5,4.5,net50
36,Rorschach_blot_04.jpg,banana,6,4.05,net50
37,Rorschach_blot_04.jpg,nail,7,1.88,net50
38,Rorschach_blot_04.jpg,conch,8,1.88,net50
39,Rorschach_blot_04.jpg,paper_towel,9,1.53,net50
40,Rorschach_blot_05.jpg,king_crab,0,8.16,net50
41,Rorschach_blot_05.jpg,conch,1,6.96,net50
42,Rorschach_blot_05.jpg,tray,2,4.78,net50
43,Rorschach_blot_05.jpg,paper_towel,3,3.38,net50
44,Rorschach_blot_05.jpg,fire_screen,4,3.24,net50
45,Rorschach_blot_05.jpg,wall_clock,5,3.17,net50
46,Rorschach_blot_05.jpg,hummingbird,6,2.58,net50
47,Rorschach_blot_05.jpg,hip,7,2.25,net50
48,Rorschach_blot_05.jpg,vase,8,2.1,net50
49,Rorschach_blot_05.jpg,triumphal_arch,9,2.05,net50
50,Rorschach_blot_06.jpg,fountain,0,11.57,net50
51,Rorschach_blot_06.jpg,paper_towel,1,5.42,net50
52,Rorschach_blot_06.jpg,airship,2,5.29,net50
53,Rorschach_blot_06.jpg,pencil_sharpener,3,4.9,net50
54,Rorschach_blot_06.jpg,wall_clock,4,4.66,net50
55,Rorschach_blot_06.jpg,wreck,5,4.53,net50
56,Rorschach_blot_06.jpg,missile,6,3.98,net50
57,Rorschach_blot_06.jpg,pole,7,3.07,net50
58,Rorschach_blot_06.jpg,warplane,8,2.46,net50
59,Rorschach_blot_06.jpg,analog_clock,9,2.33,net50
60,Rorschach_blot_07.jpg,missile,0,21.77,net50
61,Rorschach_blot_07.jpg,projectile,1,13.76,net50
62,Rorschach_blot_07.jpg,hook,2,11.15,net50
63,Rorschach_blot_07.jpg,ice_lolly,3,8.99,net50
64,Rorschach_blot_07.jpg,volcano,4,5.65,net50
65,Rorschach_blot_07.jpg,parachute,5,4.15,net50
66,Rorschach_blot_07.jpg,geyser,6,2.26,net50
67,Rorschach_blot_07.jpg,airship,7,2.18,net50
68,Rorschach_blot_07.jpg,bikini,8,1.91,net50
69,Rorschach_blot_07.jpg,warplane,9,1.41,net50
70,Rorschach_blot_08.jpg,pencil_sharpener,0,31.71,net50
71,Rorschach_blot_08.jpg,paintbrush,1,14.91,net50
72,Rorschach_blot_08.jpg,cock,2,4.42,net50
73,Rorschach_blot_08.jpg,macaw,3,3.81,net50
74,Rorschach_blot_08.jpg,jigsaw_puzzle,4,3.21,net50
75,Rorschach_blot_08.jpg,birdhouse,5,2.67,net50
76,Rorschach_blot_08.jpg,strawberry,6,2.31,net50
77,Rorschach_blot_08.jpg,picket_fence,7,2.02,net50
78,Rorschach_blot_08.jpg,pomegranate,8,1.7,net50
79,Rorschach_blot_08.jpg,hip,9,1.56,net50
80,Rorschach_blot_09.jpg,paper_towel,0,41.59,net50
81,Rorschach_blot_09.jpg,paintbrush,1,6.95,net50
82,Rorschach_blot_09.jpg,fountain,2,6.85,net50
83,Rorschach_blot_09.jpg,book_jacket,3,2.94,net50
84,Rorschach_blot_09.jpg,tray,4,2.3,net50
85,Rorschach_blot_09.jpg,strawberry,5,1.97,net50
86,Rorschach_blot_09.jpg,mailbox,6,1.82,net50
87,Rorschach_blot_09.jpg,pencil_sharpener,7,1.79,net50
88,Rorschach_blot_09.jpg,padlock,8,1.14,net50
89,Rorschach_blot_09.jpg,nail,9,1.11,net50
90,Rorschach_blot_10.jpg,handkerchief,0,32.89,net50
91,Rorschach_blot_10.jpg,tray,1,22.64,net50
92,Rorschach_blot_10.jpg,feather_boa,2,6.72,net50
93,Rorschach_blot_10.jpg,paintbrush,3,4.81,net50
94,Rorschach_blot_10.jpg,paper_towel,4,4.4,net50
95,Rorschach_blot_10.jpg,envelope,5,2.06,net50
96,Rorschach_blot_10.jpg,birdhouse,6,1.87,net50
97,Rorschach_blot_10.jpg,strawberry,7,1.52,net50
98,Rorschach_blot_10.jpg,plate,8,1.21,net50
99,Rorschach_blot_10.jpg,wallet,9,1.05,net50
0,cards\Rorschach_blot_01.jpg,wall_clock,0,21.0,vgg16
1,cards\Rorschach_blot_01.jpg,conch,1,8.35,vgg16
2,cards\Rorschach_blot_01.jpg,acorn,2,6.91,vgg16
3,cards\Rorschach_blot_01.jpg,nail,3,5.36,vgg16
4,cards\Rorschach_blot_01.jpg,jigsaw_puzzle,4,4.3,vgg16
5,cards\Rorschach_blot_01.jpg,pencil_sharpener,5,4.11,vgg16
6,cards\Rorschach_blot_01.jpg,shield,6,3.9,vgg16
7,cards\Rorschach_blot_01.jpg,chime,7,3.38,vgg16
8,cards\Rorschach_blot_01.jpg,space_shuttle,8,3.06,vgg16
9,cards\Rorschach_blot_01.jpg,earthstar,9,2.78,vgg16
10,cards\Rorschach_blot_02.jpg,lampshade,0,25.73,vgg16
11,cards\Rorschach_blot_02.jpg,table_lamp,1,9.27,vgg16
12,cards\Rorschach_blot_02.jpg,candle,2,5.21,vgg16
13,cards\Rorschach_blot_02.jpg,vase,3,3.39,vgg16
14,cards\Rorschach_blot_02.jpg,wall_clock,4,3.28,vgg16
15,cards\Rorschach_blot_02.jpg,mask,5,2.58,vgg16
16,cards\Rorschach_blot_02.jpg,book_jacket,6,2.45,vgg16
17,cards\Rorschach_blot_02.jpg,pickelhaube,7,2.32,vgg16
18,cards\Rorschach_blot_02.jpg,stupa,8,2.23,vgg16
19,cards\Rorschach_blot_02.jpg,chime,9,2.19,vgg16
20,cards\Rorschach_blot_03.jpg,chocolate_sauce,0,45.0,vgg16
21,cards\Rorschach_blot_03.jpg,book_jacket,1,11.03,vgg16
22,cards\Rorschach_blot_03.jpg,candle,2,10.27,vgg16
23,cards\Rorschach_blot_03.jpg,hip,3,7.82,vgg16
24,cards\Rorschach_blot_03.jpg,red_wine,4,2.68,vgg16
25,cards\Rorschach_blot_03.jpg,barn_spider,5,2.25,vgg16
26,cards\Rorschach_blot_03.jpg,matchstick,6,1.93,vgg16
27,cards\Rorschach_blot_03.jpg,ice_cream,7,1.69,vgg16
28,cards\Rorschach_blot_03.jpg,fire_screen,8,1.66,vgg16
29,cards\Rorschach_blot_03.jpg,Boston_bull,9,0.57,vgg16
30,cards\Rorschach_blot_04.jpg,vase,0,12.18,vgg16
31,cards\Rorschach_blot_04.jpg,book_jacket,1,7.91,vgg16
32,cards\Rorschach_blot_04.jpg,space_shuttle,2,7.35,vgg16
33,cards\Rorschach_blot_04.jpg,feather_boa,3,6.19,vgg16
34,cards\Rorschach_blot_04.jpg,volcano,4,4.27,vgg16
35,cards\Rorschach_blot_04.jpg,table_lamp,5,4.08,vgg16
36,cards\Rorschach_blot_04.jpg,candle,6,3.22,vgg16
37,cards\Rorschach_blot_04.jpg,wall_clock,7,2.27,vgg16
38,cards\Rorschach_blot_04.jpg,lampshade,8,2.22,vgg16
39,cards\Rorschach_blot_04.jpg,hook,9,1.85,vgg16
40,cards\Rorschach_blot_05.jpg,isopod,0,17.87,vgg16
41,cards\Rorschach_blot_05.jpg,space_shuttle,1,15.26,vgg16
42,cards\Rorschach_blot_05.jpg,wall_clock,2,5.67,vgg16
43,cards\Rorschach_blot_05.jpg,bald_eagle,3,3.84,vgg16
44,cards\Rorschach_blot_05.jpg,quill,4,2.63,vgg16
45,cards\Rorschach_blot_05.jpg,missile,5,2.47,vgg16
46,cards\Rorschach_blot_05.jpg,feather_boa,6,1.91,vgg16
47,cards\Rorschach_blot_05.jpg,vulture,7,1.9,vgg16
48,cards\Rorschach_blot_05.jpg,black_grouse,8,1.69,vgg16
49,cards\Rorschach_blot_05.jpg,candle,9,1.55,vgg16
50,cards\Rorschach_blot_06.jpg,missile,0,9.89,vgg16
51,cards\Rorschach_blot_06.jpg,nail,1,8.56,vgg16
52,cards\Rorschach_blot_06.jpg,wall_clock,2,7.52,vgg16
53,cards\Rorschach_blot_06.jpg,hook,3,7.39,vgg16
54,cards\Rorschach_blot_06.jpg,projectile,4,5.63,vgg16
55,cards\Rorschach_blot_06.jpg,warplane,5,5.61,vgg16
56,cards\Rorschach_blot_06.jpg,common_newt,6,4.56,vgg16
57,cards\Rorschach_blot_06.jpg,screw,7,3.46,vgg16
58,cards\Rorschach_blot_06.jpg,fountain,8,2.73,vgg16
59,cards\Rorschach_blot_06.jpg,shower_curtain,9,2.36,vgg16
60,cards\Rorschach_blot_07.jpg,missile,0,33.34,vgg16
61,cards\Rorschach_blot_07.jpg,projectile,1,31.74,vgg16
62,cards\Rorschach_blot_07.jpg,parachute,2,6.86,vgg16
63,cards\Rorschach_blot_07.jpg,space_shuttle,3,3.99,vgg16
64,cards\Rorschach_blot_07.jpg,warplane,4,2.99,vgg16
65,cards\Rorschach_blot_07.jpg,geyser,5,2.17,vgg16
66,cards\Rorschach_blot_07.jpg,fountain,6,1.75,vgg16
67,cards\Rorschach_blot_07.jpg,volcano,7,1.34,vgg16
68,cards\Rorschach_blot_07.jpg,pole,8,0.99,vgg16
69,cards\Rorschach_blot_07.jpg,obelisk,9,0.83,vgg16
70,cards\Rorschach_blot_08.jpg,poncho,0,24.1,vgg16
71,cards\Rorschach_blot_08.jpg,handkerchief,1,14.87,vgg16
72,cards\Rorschach_blot_08.jpg,wool,2,11.01,vgg16
73,cards\Rorschach_blot_08.jpg,mitten,3,4.85,vgg16
74,cards\Rorschach_blot_08.jpg,brassiere,4,3.24,vgg16
75,cards\Rorschach_blot_08.jpg,bonnet,5,2.71,vgg16
76,cards\Rorschach_blot_08.jpg,parachute,6,2.31,vgg16
77,cards\Rorschach_blot_08.jpg,stole,7,2.14,vgg16
78,cards\Rorschach_blot_08.jpg,Christmas_stocking,8,2.1,vgg16
79,cards\Rorschach_blot_08.jpg,candle,9,2.05,vgg16
80,cards\Rorschach_blot_09.jpg,missile,0,42.49,vgg16
81,cards\Rorschach_blot_09.jpg,parachute,1,7.16,vgg16
82,cards\Rorschach_blot_09.jpg,projectile,2,3.78,vgg16
83,cards\Rorschach_blot_09.jpg,volcano,3,3.65,vgg16
84,cards\Rorschach_blot_09.jpg,space_shuttle,4,3.1,vgg16
85,cards\Rorschach_blot_09.jpg,pencil_sharpener,5,2.5,vgg16
86,cards\Rorschach_blot_09.jpg,warplane,6,2.26,vgg16
87,cards\Rorschach_blot_09.jpg,balloon,7,1.92,vgg16
88,cards\Rorschach_blot_09.jpg,fountain,8,1.72,vgg16
89,cards\Rorschach_blot_09.jpg,lifeboat,9,1.71,vgg16
90,cards\Rorschach_blot_10.jpg,handkerchief,0,37.24,vgg16
91,cards\Rorschach_blot_10.jpg,tray,1,23.98,vgg16
92,cards\Rorschach_blot_10.jpg,candle,2,8.8,vgg16
93,cards\Rorschach_blot_10.jpg,vase,3,6.21,vgg16
94,cards\Rorschach_blot_10.jpg,envelope,4,3.11,vgg16
95,cards\Rorschach_blot_10.jpg,pillow,5,1.5,vgg16
96,cards\Rorschach_blot_10.jpg,rubber_eraser,6,1.23,vgg16
97,cards\Rorschach_blot_10.jpg,pencil_box,7,0.9,vgg16
98,cards\Rorschach_blot_10.jpg,sea_slug,8,0.83,vgg16
99,cards\Rorschach_blot_10.jpg,thimble,9,0.83,vgg16
0,cards\Rorschach_blot_01.jpg,jigsaw_puzzle,0,23.19,vgg19
1,cards\Rorschach_blot_01.jpg,conch,1,15.11,vgg19
2,cards\Rorschach_blot_01.jpg,pencil_sharpener,2,14.8,vgg19
3,cards\Rorschach_blot_01.jpg,acorn,3,7.9,vgg19
4,cards\Rorschach_blot_01.jpg,hen-of-the-woods,4,5.54,vgg19
5,cards\Rorschach_blot_01.jpg,triceratops,5,4.5,vgg19
6,cards\Rorschach_blot_01.jpg,wall_clock,6,4.11,vgg19
7,cards\Rorschach_blot_01.jpg,birdhouse,7,2.46,vgg19
8,cards\Rorschach_blot_01.jpg,chime,8,2.29,vgg19
9,cards\Rorschach_blot_01.jpg,lampshade,9,1.5,vgg19
10,cards\Rorschach_blot_02.jpg,vase,0,11.44,vgg19
11,cards\Rorschach_blot_02.jpg,lampshade,1,11.04,vgg19
12,cards\Rorschach_blot_02.jpg,tray,2,7.25,vgg19
13,cards\Rorschach_blot_02.jpg,envelope,3,4.95,vgg19
14,cards\Rorschach_blot_02.jpg,wall_clock,4,4.87,vgg19
15,cards\Rorschach_blot_02.jpg,hummingbird,5,4.09,vgg19
16,cards\Rorschach_blot_02.jpg,table_lamp,6,2.69,vgg19
17,cards\Rorschach_blot_02.jpg,candle,7,2.65,vgg19
18,cards\Rorschach_blot_02.jpg,cock,8,2.47,vgg19
19,cards\Rorschach_blot_02.jpg,Christmas_stocking,9,2.24,vgg19
20,cards\Rorschach_blot_03.jpg,matchstick,0,24.02,vgg19
21,cards\Rorschach_blot_03.jpg,red_wine,1,7.97,vgg19
22,cards\Rorschach_blot_03.jpg,candle,2,7.43,vgg19
23,cards\Rorschach_blot_03.jpg,book_jacket,3,7.21,vgg19
24,cards\Rorschach_blot_03.jpg,chocolate_sauce,4,7.09,vgg19
25,cards\Rorschach_blot_03.jpg,balance_beam,5,6.49,vgg19
26,cards\Rorschach_blot_03.jpg,hip,6,5.6,vgg19
27,cards\Rorschach_blot_03.jpg,barn_spider,7,3.28,vgg19
28,cards\Rorschach_blot_03.jpg,parachute,8,2.45,vgg19
29,cards\Rorschach_blot_03.jpg,bobsled,9,1.14,vgg19
30,cards\Rorschach_blot_04.jpg,wall_clock,0,18.25,vgg19
31,cards\Rorschach_blot_04.jpg,book_jacket,1,12.99,vgg19
32,cards\Rorschach_blot_04.jpg,hen-of-the-woods,2,9.59,vgg19
33,cards\Rorschach_blot_04.jpg,vase,3,2.59,vgg19
34,cards\Rorschach_blot_04.jpg,lampshade,4,2.55,vgg19
35,cards\Rorschach_blot_04.jpg,jigsaw_puzzle,5,1.96,vgg19
36,cards\Rorschach_blot_04.jpg,fountain,6,1.93,vgg19
37,cards\Rorschach_blot_04.jpg,table_lamp,7,1.85,vgg19
38,cards\Rorschach_blot_04.jpg,wardrobe,8,1.83,vgg19
39,cards\Rorschach_blot_04.jpg,candle,9,1.81,vgg19
40,cards\Rorschach_blot_05.jpg,isopod,0,12.55,vgg19
41,cards\Rorschach_blot_05.jpg,feather_boa,1,8.06,vgg19
42,cards\Rorschach_blot_05.jpg,wall_clock,2,7.69,vgg19
43,cards\Rorschach_blot_05.jpg,scorpion,3,4.83,vgg19
44,cards\Rorschach_blot_05.jpg,conch,4,4.55,vgg19
45,cards\Rorschach_blot_05.jpg,sea_cucumber,5,2.76,vgg19
46,cards\Rorschach_blot_05.jpg,American_alligator,6,2.69,vgg19
47,cards\Rorschach_blot_05.jpg,African_crocodile,7,2.35,vgg19
48,cards\Rorschach_blot_05.jpg,bald_eagle,8,2.32,vgg19
49,cards\Rorschach_blot_05.jpg,fly,9,2.27,vgg19
50,cards\Rorschach_blot_06.jpg,space_shuttle,0,29.89,vgg19
51,cards\Rorschach_blot_06.jpg,missile,1,14.38,vgg19
52,cards\Rorschach_blot_06.jpg,airship,2,13.45,vgg19
53,cards\Rorschach_blot_06.jpg,wreck,3,11.94,vgg19
54,cards\Rorschach_blot_06.jpg,wall_clock,4,3.25,vgg19
55,cards\Rorschach_blot_06.jpg,warplane,5,3.2,vgg19
56,cards\Rorschach_blot_06.jpg,projectile,6,2.81,vgg19
57,cards\Rorschach_blot_06.jpg,chime,7,2.73,vgg19
58,cards\Rorschach_blot_06.jpg,fountain,8,1.68,vgg19
59,cards\Rorschach_blot_06.jpg,hook,9,1.03,vgg19
60,cards\Rorschach_blot_07.jpg,missile,0,17.66,vgg19
61,cards\Rorschach_blot_07.jpg,space_shuttle,1,16.93,vgg19
62,cards\Rorschach_blot_07.jpg,projectile,2,10.35,vgg19
63,cards\Rorschach_blot_07.jpg,parachute,3,3.3,vgg19
64,cards\Rorschach_blot_07.jpg,hook,4,2.83,vgg19
65,cards\Rorschach_blot_07.jpg,chime,5,2.51,vgg19
66,cards\Rorschach_blot_07.jpg,candle,6,2.22,vgg19
67,cards\Rorschach_blot_07.jpg,pickelhaube,7,2.21,vgg19
68,cards\Rorschach_blot_07.jpg,obelisk,8,1.98,vgg19
69,cards\Rorschach_blot_07.jpg,wall_clock,9,1.58,vgg19
70,cards\Rorschach_blot_08.jpg,poncho,0,21.09,vgg19
71,cards\Rorschach_blot_08.jpg,jigsaw_puzzle,1,15.17,vgg19
72,cards\Rorschach_blot_08.jpg,wool,2,9.15,vgg19
73,cards\Rorschach_blot_08.jpg,handkerchief,3,7.66,vgg19
74,cards\Rorschach_blot_08.jpg,pencil_sharpener,4,5.1,vgg19
75,cards\Rorschach_blot_08.jpg,balloon,5,4.23,vgg19
76,cards\Rorschach_blot_08.jpg,stole,6,3.2,vgg19
77,cards\Rorschach_blot_08.jpg,lampshade,7,1.89,vgg19
78,cards\Rorschach_blot_08.jpg,birdhouse,8,1.83,vgg19
79,cards\Rorschach_blot_08.jpg,parachute,9,1.76,vgg19
80,cards\Rorschach_blot_09.jpg,missile,0,27.12,vgg19
81,cards\Rorschach_blot_09.jpg,conch,1,15.68,vgg19
82,cards\Rorschach_blot_09.jpg,parachute,2,9.47,vgg19
83,cards\Rorschach_blot_09.jpg,pencil_sharpener,3,6.17,vgg19
84,cards\Rorschach_blot_09.jpg,candle,4,5.88,vgg19
85,cards\Rorschach_blot_09.jpg,goldfish,5,3.16,vgg19
86,cards\Rorschach_blot_09.jpg,projectile,6,2.97,vgg19
87,cards\Rorschach_blot_09.jpg,fountain,7,2.93,vgg19
88,cards\Rorschach_blot_09.jpg,space_shuttle,8,2.17,vgg19
89,cards\Rorschach_blot_09.jpg,jigsaw_puzzle,9,1.62,vgg19
90,cards\Rorschach_blot_10.jpg,handkerchief,0,58.07,vgg19
91,cards\Rorschach_blot_10.jpg,shower_curtain,1,4.3,vgg19
92,cards\Rorschach_blot_10.jpg,vase,2,4.07,vgg19
93,cards\Rorschach_blot_10.jpg,candle,3,3.32,vgg19
94,cards\Rorschach_blot_10.jpg,bath_towel,4,1.85,vgg19
95,cards\Rorschach_blot_10.jpg,sarong,5,1.84,vgg19
96,cards\Rorschach_blot_10.jpg,purse,6,1.71,vgg19
97,cards\Rorschach_blot_10.jpg,tray,7,1.67,vgg19
98,cards\Rorschach_blot_10.jpg,stole,8,1.23,vgg19
99,cards\Rorschach_blot_10.jpg,bib,9,1.19,vgg19
0,cards\Rorschach_blot_01.jpg,lampshade,0,33.13,xception
1,cards\Rorschach_blot_01.jpg,breastplate,1,30.74,xception
2,cards\Rorschach_blot_01.jpg,wall_clock,2,10.24,xception
3,cards\Rorschach_blot_01.jpg,shield,3,5.59,xception
4,cards\Rorschach_blot_01.jpg,mask,4,5.26,xception
5,cards\Rorschach_blot_01.jpg,brassiere,5,2.72,xception
6,cards\Rorschach_blot_01.jpg,fire_screen,6,2.21,xception
7,cards\Rorschach_blot_01.jpg,space_shuttle,7,1.73,xception
8,cards\Rorschach_blot_01.jpg,cuirass,8,1.32,xception
9,cards\Rorschach_blot_01.jpg,wardrobe,9,1.06,xception
10,cards\Rorschach_blot_02.jpg,brassiere,0,59.47,xception
11,cards\Rorschach_blot_02.jpg,honeycomb,1,10.13,xception
12,cards\Rorschach_blot_02.jpg,conch,2,5.43,xception
13,cards\Rorschach_blot_02.jpg,hoopskirt,3,5.42,xception
14,cards\Rorschach_blot_02.jpg,hen-of-the-woods,4,2.93,xception
15,cards\Rorschach_blot_02.jpg,space_shuttle,5,2.92,xception
16,cards\Rorschach_blot_02.jpg,volcano,6,1.94,xception
17,cards\Rorschach_blot_02.jpg,vault,7,1.11,xception
18,cards\Rorschach_blot_02.jpg,gyromitra,8,1.04,xception
19,cards\Rorschach_blot_02.jpg,lampshade,9,0.88,xception
20,cards\Rorschach_blot_03.jpg,coffee_mug,0,62.61,xception
21,cards\Rorschach_blot_03.jpg,cup,1,20.61,xception
22,cards\Rorschach_blot_03.jpg,bucket,2,3.35,xception
23,cards\Rorschach_blot_03.jpg,pitcher,3,0.93,xception
24,cards\Rorschach_blot_03.jpg,ashcan,4,0.9,xception
25,cards\Rorschach_blot_03.jpg,teapot,5,0.71,xception
26,cards\Rorschach_blot_03.jpg,book_jacket,6,0.68,xception
27,cards\Rorschach_blot_03.jpg,vase,7,0.57,xception
28,cards\Rorschach_blot_03.jpg,milk_can,8,0.45,xception
29,cards\Rorschach_blot_03.jpg,water_jug,9,0.44,xception
30,cards\Rorschach_blot_04.jpg,volcano,0,59.5,xception
31,cards\Rorschach_blot_04.jpg,scorpion,1,12.74,xception
32,cards\Rorschach_blot_04.jpg,fire_screen,2,8.18,xception
33,cards\Rorschach_blot_04.jpg,isopod,3,2.43,xception
34,cards\Rorschach_blot_04.jpg,king_crab,4,2.05,xception
35,cards\Rorschach_blot_04.jpg,tarantula,5,2.02,xception
36,cards\Rorschach_blot_04.jpg,American_lobster,6,1.28,xception
37,cards\Rorschach_blot_04.jpg,vase,7,1.15,xception
38,cards\Rorschach_blot_04.jpg,cauliflower,8,0.99,xception
39,cards\Rorschach_blot_04.jpg,rhinoceros_beetle,9,0.8,xception
40,cards\Rorschach_blot_05.jpg,ant,0,20.25,xception
41,cards\Rorschach_blot_05.jpg,ground_beetle,1,16.01,xception
42,cards\Rorschach_blot_05.jpg,cockroach,2,14.53,xception
43,cards\Rorschach_blot_05.jpg,isopod,3,12.2,xception
44,cards\Rorschach_blot_05.jpg,long-horned_beetle,4,5.75,xception
45,cards\Rorschach_blot_05.jpg,scorpion,5,5.34,xception
46,cards\Rorschach_blot_05.jpg,cricket,6,3.72,xception
47,cards\Rorschach_blot_05.jpg,honeycomb,7,2.74,xception
48,cards\Rorschach_blot_05.jpg,hen-of-the-woods,8,1.99,xception
49,cards\Rorschach_blot_05.jpg,fire_screen,9,1.97,xception
50,cards\Rorschach_blot_06.jpg,space_shuttle,0,90.28,xception
51,cards\Rorschach_blot_06.jpg,projectile,1,4.8,xception
52,cards\Rorschach_blot_06.jpg,missile,2,2.28,xception
53,cards\Rorschach_blot_06.jpg,assault_rifle,3,1.37,xception
54,cards\Rorschach_blot_06.jpg,long-horned_beetle,4,0.26,xception
55,cards\Rorschach_blot_06.jpg,rifle,5,0.24,xception
56,cards\Rorschach_blot_06.jpg,bulletproof_vest,6,0.05,xception
57,cards\Rorschach_blot_06.jpg,breastplate,7,0.04,xception
58,cards\Rorschach_blot_06.jpg,fire_screen,8,0.04,xception
59,cards\Rorschach_blot_06.jpg,walking_stick,9,0.04,xception
60,cards\Rorschach_blot_07.jpg,parachute,0,25.3,xception
61,cards\Rorschach_blot_07.jpg,space_shuttle,1,19.77,xception
62,cards\Rorschach_blot_07.jpg,volcano,2,8.15,xception
63,cards\Rorschach_blot_07.jpg,balloon,3,5.37,xception
64,cards\Rorschach_blot_07.jpg,altar,4,3.15,xception
65,cards\Rorschach_blot_07.jpg,necklace,5,2.95,xception
66,cards\Rorschach_blot_07.jpg,cauliflower,6,2.42,xception
67,cards\Rorschach_blot_07.jpg,chime,7,2.25,xception
68,cards\Rorschach_blot_07.jpg,hook,8,1.78,xception
69,cards\Rorschach_blot_07.jpg,hair_slide,9,1.54,xception
70,cards\Rorschach_blot_08.jpg,parachute,0,98.27,xception
71,cards\Rorschach_blot_08.jpg,plastic_bag,1,0.65,xception
72,cards\Rorschach_blot_08.jpg,umbrella,2,0.37,xception
73,cards\Rorschach_blot_08.jpg,balloon,3,0.26,xception
74,cards\Rorschach_blot_08.jpg,jellyfish,4,0.06,xception
75,cards\Rorschach_blot_08.jpg,airship,5,0.05,xception
76,cards\Rorschach_blot_08.jpg,torch,6,0.04,xception
77,cards\Rorschach_blot_08.jpg,flagpole,7,0.03,xception
78,cards\Rorschach_blot_08.jpg,handkerchief,8,0.01,xception
79,cards\Rorschach_blot_08.jpg,conch,9,0.01,xception
80,cards\Rorschach_blot_09.jpg,volcano,0,44.77,xception
81,cards\Rorschach_blot_09.jpg,missile,1,28.67,xception
82,cards\Rorschach_blot_09.jpg,parachute,2,19.41,xception
83,cards\Rorschach_blot_09.jpg,projectile,3,2.45,xception
84,cards\Rorschach_blot_09.jpg,fire_screen,4,1.13,xception
85,cards\Rorschach_blot_09.jpg,torch,5,1.01,xception
86,cards\Rorschach_blot_09.jpg,space_shuttle,6,0.56,xception
87,cards\Rorschach_blot_09.jpg,jellyfish,7,0.36,xception
88,cards\Rorschach_blot_09.jpg,tank,8,0.29,xception
89,cards\Rorschach_blot_09.jpg,fireboat,9,0.1,xception
90,cards\Rorschach_blot_10.jpg,tray,0,77.38,xception
91,cards\Rorschach_blot_10.jpg,handkerchief,1,6.07,xception
92,cards\Rorschach_blot_10.jpg,envelope,2,2.9,xception
93,cards\Rorschach_blot_10.jpg,vase,3,2.44,xception
94,cards\Rorschach_blot_10.jpg,paper_towel,4,1.23,xception
95,cards\Rorschach_blot_10.jpg,goldfish,5,1.14,xception
96,cards\Rorschach_blot_10.jpg,jellyfish,6,1.06,xception
97,cards\Rorschach_blot_10.jpg,fire_screen,7,0.62,xception
98,cards\Rorschach_blot_10.jpg,pillow,8,0.58,xception
99,cards\Rorschach_blot_10.jpg,coral_reef,9,0.47,xception
